2008/01/01,25.438863120701523,25.438863120701523,25.33886312070152,25.388863120701522,10932767
2008/01/02,25.438863120701523,25.438863120701523,25.33886312070152,25.388863120701522,10932767
2008/01/03,26.468903156269263,26.468903156269263,26.368903156269262,26.418903156269263,16202842
2008/01/04,26.01782687386088,26.01782687386088,25.91782687386088,25.96782687386088,14702842
2008/01/05,25.772136992248676,25.772136992248676,25.672136992248674,25.722136992248675,13271842
2008/01/06,25.772136992248676,25.772136992248676,25.672136992248674,25.722136992248675,13271842
2008/01/07,25.772136992248676,25.772136992248676,25.672136992248674,25.722136992248675,13271842
2008/01/08,25.761056293986993,25.761056293986993,25.66105629398699,25.711056293986992,16615842
2008/01/09,25.501814789056677,25.501814789056677,25.401814789056676,25.451814789056677,19967591
2008/01/10,25.46041198628485,25.46041198628485,25.36041198628485,25.41041198628485,20417381
2008/01/11,25.92475367631232,25.92475367631232,25.82475367631232,25.87475367631232,23891381
2008/01/12,26.1527075428652,26.1527075428652,26.0527075428652,26.1027075428652,26063381
2008/01/13,26.1527075428652,26.1527075428652,26.0527075428652,26.1027075428652,26063381
2008/01/14,26.1527075428652,26.1527075428652,26.0527075428652,26.1027075428652,26063381
2008/01/15,26.143554967229264,26.143554967229264,26.043554967229262,26.093554967229263,24793381
2008/01/16,26.20740668433976,26.20740668433976,26.107406684339757,26.157406684339758,26170355
2008/01/17,26.757100256132688,26.757100256132688,26.657100256132686,26.707100256132687,31576001
2008/01/18,25.663413057640874,25.663413057640874,25.563413057640872,25.613413057640873,22364001
2008/01/19,25.52982554044801,25.52982554044801,25.429825540448007,25.479825540448008,22355050
2008/01/20,25.52982554044801,25.52982554044801,25.429825540448007,25.479825540448008,22355050
2008/01/21,25.52982554044801,25.52982554044801,25.429825540448007,25.479825540448008,22355050
2008/01/22,25.266369280076514,25.266369280076514,25.166369280076513,25.216369280076513,21111050
2008/01/23,25.15108036768703,25.15108036768703,25.051080367687028,25.10108036768703,21272050
2008/01/24,25.212276799792367,25.212276799792367,25.112276799792365,25.162276799792366,22507050
2008/01/25,25.241302906503712,25.241302906503712,25.14130290650371,25.19130290650371,23252050
2008/01/26,25.242395435208255,25.242395435208255,25.142395435208254,25.192395435208255,22865050
2008/01/27,25.242395435208255,25.242395435208255,25.142395435208254,25.192395435208255,22865050
2008/01/28,25.242395435208255,25.242395435208255,25.142395435208254,25.192395435208255,22865050
2008/01/29,25.619688693836515,25.619688693836515,25.519688693836514,25.569688693836515,25783507
2008/01/30,25.77786213846295,25.77786213846295,25.67786213846295,25.72786213846295,27132203
2008/01/31,25.83574906276132,25.83574906276132,25.735749062761318,25.78574906276132,27872904
2008/02/01,25.966448989183316,25.966448989183316,25.866448989183315,25.916448989183316,29376904
2008/02/02,26.109672699015157,26.109672699015157,26.009672699015155,26.059672699015156,30492904
2008/02/03,26.109672699015157,26.109672699015157,26.009672699015155,26.059672699015156,30492904
2008/02/04,26.109672699015157,26.109672699015157,26.009672699015155,26.059672699015156,30492904
2008/02/05,26.109672699015157,26.109672699015157,26.009672699015155,26.059672699015156,30492904
2008/02/06,26.109672699015157,26.109672699015157,26.009672699015155,26.059672699015156,30492904
2008/02/07,26.109672699015157,26.109672699015157,26.009672699015155,26.059672699015156,30492904
2008/02/08,26.109672699015157,26.109672699015157,26.009672699015155,26.059672699015156,30492904
2008/02/09,26.109672699015157,26.109672699015157,26.009672699015155,26.059672699015156,30492904
2008/02/10,26.109672699015157,26.109672699015157,26.009672699015155,26.059672699015156,30492904
2008/02/11,26.109672699015157,26.109672699015157,26.009672699015155,26.059672699015156,30492904
2008/02/12,26.109672699015157,26.109672699015157,26.009672699015155,26.059672699015156,30492904
2008/02/13,25.87527486693335,25.87527486693335,25.775274866933348,25.82527486693335,34233044
2008/02/14,25.95903905964803,25.95903905964803,25.85903905964803,25.90903905964803,35458397
2008/02/15,26.12934637539653,26.12934637539653,26.02934637539653,26.07934637539653,36322397
2008/02/16,25.895605114742672,25.895605114742672,25.79560511474267,25.84560511474267,35128828
2008/02/17,25.895605114742672,25.895605114742672,25.79560511474267,25.84560511474267,35128828
2008/02/18,25.895605114742672,25.895605114742672,25.79560511474267,25.84560511474267,35128828
2008/02/19,26.010342305392612,26.010342305392612,25.91034230539261,25.96034230539261,37060731
2008/02/20,26.018747893848087,26.018747893848087,25.918747893848085,25.968747893848086,36783893
2008/02/21,25.9742817998679,25.9742817998679,25.874281799867898,25.9242817998679,37532893
2008/02/22,25.897408636764972,25.897408636764972,25.79740863676497,25.84740863676497,38424890
2008/02/23,25.98842382227382,25.98842382227382,25.88842382227382,25.93842382227382,39441865
2008/02/24,25.98842382227382,25.98842382227382,25.88842382227382,25.93842382227382,39441865
2008/02/25,25.98842382227382,25.98842382227382,25.88842382227382,25.93842382227382,39441865
2008/02/26,25.479920306410374,25.479920306410374,25.379920306410373,25.429920306410374,34342972
2008/02/27,25.422216060724462,25.422216060724462,25.32221606072446,25.372216060724462,33316972
2008/02/28,25.15512113192414,25.15512113192414,25.05512113192414,25.10512113192414,29819972
2008/02/29,25.15512113192414,25.15512113192414,25.05512113192414,25.10512113192414,29819972
2008/03/01,25.092977708325947,25.092977708325947,24.992977708325945,25.042977708325946,32624229
2008/03/02,25.092977708325947,25.092977708325947,24.992977708325945,25.042977708325946,32624229
2008/03/03,25.092977708325947,25.092977708325947,24.992977708325945,25.042977708325946,32624229
2008/03/04,25.0746444733561,25.0746444733561,24.974644473356097,25.024644473356098,32683767
2008/03/05,24.909854403218713,24.909854403218713,24.80985440321871,24.859854403218712,30294174
2008/03/06,24.41200081076931,24.41200081076931,24.31200081076931,24.36200081076931,24741943
2008/03/07,24.321105607136545,24.321105607136545,24.221105607136543,24.271105607136544,23109020
2008/03/08,24.415033450597488,24.415033450597488,24.315033450597486,24.365033450597487,23834020
2008/03/09,24.415033450597488,24.415033450597488,24.315033450597486,24.365033450597487,23834020
2008/03/10,24.415033450597488,24.415033450597488,24.315033450597486,24.365033450597487,23834020
2008/03/11,24.522673030947743,24.522673030947743,24.422673030947742,24.472673030947742,24883478
2008/03/12,24.99339758536854,24.99339758536854,24.89339758536854,24.94339758536854,30853835
2008/03/13,26.18066447235936,26.18066447235936,26.08066447235936,26.13066447235936,43081785
2008/03/14,26.222439255147304,26.222439255147304,26.122439255147302,26.172439255147303,44858378
2008/03/15,26.426166811943727,26.426166811943727,26.326166811943725,26.376166811943726,46545693
2008/03/16,26.426166811943727,26.426166811943727,26.326166811943725,26.376166811943726,46545693
2008/03/17,26.426166811943727,26.426166811943727,26.326166811943725,26.376166811943726,46545693
2008/03/18,26.290287208247292,26.290287208247292,26.19028720824729,26.24028720824729,47817693
2008/03/19,26.2037626644431,26.2037626644431,26.1037626644431,26.1537626644431,47656088
2008/03/20,26.154482980809842,26.154482980809842,26.05448298080984,26.10448298080984,47020144
2008/03/21,26.243245085598904,26.243245085598904,26.143245085598902,26.193245085598903,47506121
2008/03/22,25.913501370770977,25.913501370770977,25.813501370770975,25.863501370770976,43887462
2008/03/23,25.913501370770977,25.913501370770977,25.813501370770975,25.863501370770976,43887462
2008/03/24,25.913501370770977,25.913501370770977,25.813501370770975,25.863501370770976,43887462
2008/03/25,25.73854358517977,25.73854358517977,25.638543585179768,25.68854358517977,39791462
2008/03/26,25.30794870287764,25.30794870287764,25.207948702877637,25.257948702877638,34167462
2008/03/27,25.258046934002568,25.258046934002568,25.158046934002567,25.208046934002567,33338462
2008/03/28,24.955381808619546,24.955381808619546,24.855381808619544,24.905381808619545,30049402
2008/03/29,25.14204974959904,25.14204974959904,25.042049749599038,25.092049749599038,31438501
2008/03/30,25.14204974959904,25.14204974959904,25.042049749599038,25.092049749599038,31438501
2008/03/31,25.14204974959904,25.14204974959904,25.042049749599038,25.092049749599038,31438501
2008/04/01,25.223897719350415,25.223897719350415,25.123897719350413,25.173897719350414,32145260
2008/04/02,25.192614626441603,25.192614626441603,25.092614626441602,25.142614626441603,31596176
2008/04/03,25.22485126612943,25.22485126612943,25.12485126612943,25.17485126612943,30961176
2008/04/04,25.2286663807714,25.2286663807714,25.1286663807714,25.1786663807714,31129176
2008/04/05,25.2286663807714,25.2286663807714,25.1286663807714,25.1786663807714,31129176
2008/04/06,25.2286663807714,25.2286663807714,25.1286663807714,25.1786663807714,31129176
2008/04/07,25.2286663807714,25.2286663807714,25.1286663807714,25.1786663807714,31129176
2008/04/08,25.196525701678627,25.196525701678627,25.096525701678626,25.146525701678627,30846013
2008/04/09,25.35058502924321,25.35058502924321,25.250585029243208,25.30058502924321,32986013
2008/04/10,25.266379327517072,25.266379327517072,25.16637932751707,25.21637932751707,31879013
2008/04/11,25.336676929814164,25.336676929814164,25.236676929814163,25.286676929814163,33254467
2008/04/12,25.34465799906362,25.34465799906362,25.24465799906362,25.29465799906362,33403621
2008/04/13,25.34465799906362,25.34465799906362,25.24465799906362,25.29465799906362,33403621
2008/04/14,25.34465799906362,25.34465799906362,25.24465799906362,25.29465799906362,33403621
2008/04/15,25.36461743446732,25.36461743446732,25.26461743446732,25.31461743446732,33692303
2008/04/16,25.38861611490951,25.38861611490951,25.28861611490951,25.33861611490951,33989644
2008/04/17,25.027869901933048,25.027869901933048,24.927869901933047,24.977869901933047,27816619
2008/04/18,25.048730082775958,25.048730082775958,24.948730082775956,24.998730082775957,27411235
2008/04/19,24.98962906198864,24.98962906198864,24.88962906198864,24.93962906198864,25674098
2008/04/20,24.98962906198864,24.98962906198864,24.88962906198864,24.93962906198864,25674098
2008/04/21,24.98962906198864,24.98962906198864,24.88962906198864,24.93962906198864,25674098
2008/04/22,24.903232457368137,24.903232457368137,24.803232457368136,24.853232457368136,24067098
2008/04/23,24.990791609276414,24.990791609276414,24.890791609276413,24.940791609276413,24495292
2008/04/24,24.99473655555359,24.99473655555359,24.89473655555359,24.94473655555359,24271020
2008/04/25,25.02116566466277,25.02116566466277,24.92116566466277,24.97116566466277,24521020
2008/04/26,25.052157865261854,25.052157865261854,24.952157865261853,25.002157865261854,24731020
2008/04/27,25.052157865261854,25.052157865261854,24.952157865261853,25.002157865261854,24731020
2008/04/28,25.052157865261854,25.052157865261854,24.952157865261853,25.002157865261854,24731020
2008/04/29,25.02459013925985,25.02459013925985,24.92459013925985,24.97459013925985,23723143
2008/04/30,24.975348692105126,24.975348692105126,24.875348692105124,24.925348692105125,22018231
2008/05/01,24.980372491364907,24.980372491364907,24.880372491364906,24.930372491364906,14690531
2008/05/02,24.980372491364907,24.980372491364907,24.880372491364906,24.930372491364906,14690531
2008/05/03,24.98956867947009,24.98956867947009,24.889568679470088,24.93956867947009,12862531
2008/05/04,24.98956867947009,24.98956867947009,24.889568679470088,24.93956867947009,12862531
2008/05/05,24.98956867947009,24.98956867947009,24.889568679470088,24.93956867947009,12862531
2008/05/06,24.987995454100147,24.987995454100147,24.887995454100146,24.937995454100147,12134821
2008/05/07,25.038938727807235,25.038938727807235,24.938938727807233,24.988938727807234,13023696
2008/05/08,25.12389687154547,25.12389687154547,25.023896871545467,25.073896871545468,14044696
2008/05/09,25.152713706279304,25.152713706279304,25.052713706279302,25.102713706279303,15364696
2008/05/10,25.15344233857359,25.15344233857359,25.05344233857359,25.10344233857359,15441696
2008/05/11,25.15344233857359,25.15344233857359,25.05344233857359,25.10344233857359,15441696
2008/05/12,25.15344233857359,25.15344233857359,25.05344233857359,25.10344233857359,15441696
2008/05/13,25.152181024299498,25.152181024299498,25.052181024299497,25.102181024299497,15662696
2008/05/14,25.151352061860127,25.151352061860127,25.051352061860126,25.101352061860126,15184696
2008/05/15,25.200237639475706,25.200237639475706,25.100237639475704,25.150237639475705,15260696
2008/05/16,25.201984203058686,25.201984203058686,25.101984203058684,25.151984203058685,14491696
2008/05/17,25.19757767897945,25.19757767897945,25.097577678979448,25.14757767897945,13816696
2008/05/18,25.19757767897945,25.19757767897945,25.097577678979448,25.14757767897945,13816696
2008/05/19,25.19757767897945,25.19757767897945,25.097577678979448,25.14757767897945,13816696
2008/05/20,25.196358764122063,25.196358764122063,25.096358764122062,25.146358764122063,13687621
2008/05/21,25.19111977184175,25.19111977184175,25.091119771841747,25.141119771841748,13082621
2008/05/22,25.236943160675885,25.236943160675885,25.136943160675884,25.186943160675884,12946925
2008/05/23,25.365019210647294,25.365019210647294,25.265019210647292,25.315019210647293,11296925
2008/05/24,25.68521312806955,25.68521312806955,25.585213128069547,25.635213128069548,8886925
2008/05/25,25.68521312806955,25.68521312806955,25.585213128069547,25.635213128069548,8886925
2008/05/26,25.68521312806955,25.68521312806955,25.585213128069547,25.635213128069548,8886925
2008/05/27,25.763457751642395,25.763457751642395,25.663457751642394,25.713457751642395,8550135
2008/05/28,25.788971848666474,25.788971848666474,25.688971848666473,25.738971848666473,7639516
2008/05/29,25.66323557735863,25.66323557735863,25.56323557735863,25.61323557735863,9669131
2008/05/30,25.50173789123695,25.50173789123695,25.401737891236948,25.45173789123695,12454768
2008/05/31,24.99659049889619,24.99659049889619,24.896590498896188,24.94659049889619,17884753
2008/06/01,24.99659049889619,24.99659049889619,24.896590498896188,24.94659049889619,17884753
2008/06/02,24.99659049889619,24.99659049889619,24.896590498896188,24.94659049889619,17884753
2008/06/03,25.000111207377753,25.000111207377753,24.90011120737775,24.950111207377752,16913924
2008/06/04,24.918071670740826,24.918071670740826,24.818071670740824,24.868071670740825,18758948
2008/06/05,24.87757280835632,24.87757280835632,24.777572808356318,24.82757280835632,19883871
2008/06/06,24.76535297930566,24.76535297930566,24.66535297930566,24.71535297930566,22044871
2008/06/07,24.700143952979644,24.700143952979644,24.600143952979643,24.650143952979644,23438871
2008/06/08,24.700143952979644,24.700143952979644,24.600143952979643,24.650143952979644,23438871
2008/06/09,24.700143952979644,24.700143952979644,24.600143952979643,24.650143952979644,23438871
2008/06/10,24.56693462102535,24.56693462102535,24.46693462102535,24.51693462102535,25970871
2008/06/11,24.41243127990649,24.41243127990649,24.312431279906487,24.362431279906488,28469386
2008/06/12,24.4243545069302,24.4243545069302,24.3243545069302,24.3743545069302,28144386
2008/06/13,24.356609627809917,24.356609627809917,24.256609627809915,24.306609627809916,28280929
2008/06/14,24.362243239211107,24.362243239211107,24.262243239211106,24.312243239211107,28141233
2008/06/15,24.362243239211107,24.362243239211107,24.262243239211106,24.312243239211107,28141233
2008/06/16,24.362243239211107,24.362243239211107,24.262243239211106,24.312243239211107,28141233
2008/06/17,24.36359636702082,24.36359636702082,24.263596367020817,24.313596367020818,27637148
2008/06/18,24.362421067114884,24.362421067114884,24.262421067114882,24.312421067114883,27408985
2008/06/19,24.344869854369204,24.344869854369204,24.244869854369202,24.294869854369203,27689985
2008/06/20,24.191337810681333,24.191337810681333,24.09133781068133,24.141337810681332,25355985
2008/06/21,23.964551013340728,23.964551013340728,23.864551013340726,23.914551013340727,27239632
2008/06/22,23.964551013340728,23.964551013340728,23.864551013340726,23.914551013340727,27239632
2008/06/23,23.964551013340728,23.964551013340728,23.864551013340726,23.914551013340727,27239632
2008/06/24,23.928034747449477,23.928034747449477,23.828034747449475,23.878034747449476,27557632
2008/06/25,23.832033432017614,23.832033432017614,23.732033432017612,23.782033432017613,28197755
2008/06/26,23.83657772387302,23.83657772387302,23.73657772387302,23.78657772387302,27200540
2008/06/27,23.85427172247451,23.85427172247451,23.75427172247451,23.80427172247451,27616705
2008/06/28,23.778629621260237,23.778629621260237,23.678629621260235,23.728629621260236,26318459
2008/06/29,23.778629621260237,23.778629621260237,23.678629621260235,23.728629621260236,26318459
2008/06/30,23.778629621260237,23.778629621260237,23.678629621260235,23.728629621260236,26318459
2008/07/01,23.642169919275823,23.642169919275823,23.54216991927582,23.592169919275822,25184485
2008/07/02,23.5215637847086,23.5215637847086,23.4215637847086,23.4715637847086,23594246
2008/07/03,23.46025808393499,23.46025808393499,23.360258083934987,23.410258083934988,24382267
2008/07/04,23.453390532858425,23.453390532858425,23.353390532858423,23.403390532858424,24670267
2008/07/05,23.41725817391527,23.41725817391527,23.317258173915267,23.367258173915268,26146267
2008/07/06,23.41725817391527,23.41725817391527,23.317258173915267,23.367258173915268,26146267
2008/07/07,23.41725817391527,23.41725817391527,23.317258173915267,23.367258173915268,26146267
2008/07/08,23.10333339692328,23.10333339692328,23.003333396923278,23.05333339692328,22146005
2008/07/09,22.830258692143452,22.830258692143452,22.73025869214345,22.780258692143452,23230694
2008/07/10,22.869978792764996,22.869978792764996,22.769978792764995,22.819978792764996,23644287
2008/07/11,22.94418121139156,22.94418121139156,22.844181211391557,22.894181211391558,23923518
2008/07/12,23.00756935464485,23.00756935464485,22.90756935464485,22.95756935464485,24503441
2008/07/13,23.00756935464485,23.00756935464485,22.90756935464485,22.95756935464485,24503441
2008/07/14,23.00756935464485,23.00756935464485,22.90756935464485,22.95756935464485,24503441
2008/07/15,22.959111593952453,22.959111593952453,22.859111593952452,22.909111593952453,24469112
2008/07/16,22.8289531248241,22.8289531248241,22.7289531248241,22.7789531248241,24376112
2008/07/17,22.781790411755704,22.781790411755704,22.681790411755703,22.731790411755703,24217755
2008/07/18,22.521044128646025,22.521044128646025,22.421044128646024,22.471044128646025,25529211
2008/07/19,22.15116711605956,22.15116711605956,22.05116711605956,22.10116711605956,25437211
2008/07/20,22.15116711605956,22.15116711605956,22.05116711605956,22.10116711605956,25437211
2008/07/21,22.15116711605956,22.15116711605956,22.05116711605956,22.10116711605956,25437211
2008/07/22,22.16706888648547,22.16706888648547,22.06706888648547,22.11706888648547,25199351
2008/07/23,21.955496502097233,21.955496502097233,21.855496502097232,21.905496502097233,23644351
2008/07/24,21.88610488075034,21.88610488075034,21.78610488075034,21.83610488075034,23117036
2008/07/25,21.84938017132627,21.84938017132627,21.74938017132627,21.79938017132627,24164546
2008/07/26,21.82055218647825,21.82055218647825,21.720552186478248,21.77055218647825,25302569
2008/07/27,21.82055218647825,21.82055218647825,21.720552186478248,21.77055218647825,25302569
2008/07/28,21.82055218647825,21.82055218647825,21.720552186478248,21.77055218647825,25302569
2008/07/29,21.82055218647825,21.82055218647825,21.720552186478248,21.77055218647825,25302569
2008/07/30,21.796141632602584,21.796141632602584,21.696141632602583,21.746141632602583,27211569
2008/07/31,21.95515794031735,21.95515794031735,21.855157940317348,21.90515794031735,30029569
2008/08/01,21.88239200031219,21.88239200031219,21.78239200031219,21.83239200031219,31185226
2008/08/02,21.880043290904496,21.880043290904496,21.780043290904494,21.830043290904495,31755226
2008/08/03,21.880043290904496,21.880043290904496,21.780043290904494,21.830043290904495,31755226
2008/08/04,21.880043290904496,21.880043290904496,21.780043290904494,21.830043290904495,31755226
2008/08/05,21.80312378392986,21.80312378392986,21.703123783929858,21.75312378392986,32344127
2008/08/06,21.786348201138416,21.786348201138416,21.686348201138415,21.736348201138416,34187028
2008/08/07,21.816284111121163,21.816284111121163,21.716284111121162,21.766284111121163,34169269
2008/08/08,21.589418414891487,21.589418414891487,21.489418414891485,21.539418414891486,36276353
2008/08/09,21.697911303157124,21.697911303157124,21.597911303157122,21.647911303157123,37104353
2008/08/10,21.697911303157124,21.697911303157124,21.597911303157122,21.647911303157123,37104353
2008/08/11,21.697911303157124,21.697911303157124,21.597911303157122,21.647911303157123,37104353
2008/08/12,21.661096313359064,21.661096313359064,21.561096313359062,21.611096313359063,37049353
2008/08/13,21.649410891243207,21.649410891243207,21.549410891243205,21.599410891243206,36914566
2008/08/14,21.54349789707882,21.54349789707882,21.443497897078817,21.493497897078818,38399567
2008/08/15,21.539933831678884,21.539933831678884,21.439933831678882,21.489933831678883,39026567
2008/08/16,21.448168241982653,21.448168241982653,21.348168241982652,21.398168241982653,38101113
2008/08/17,21.448168241982653,21.448168241982653,21.348168241982652,21.398168241982653,38101113
2008/08/18,21.448168241982653,21.448168241982653,21.348168241982652,21.398168241982653,38101113
2008/08/19,21.38005382794921,21.38005382794921,21.28005382794921,21.33005382794921,37910959
2008/08/20,21.320572145915836,21.320572145915836,21.220572145915835,21.270572145915835,38020365
2008/08/21,21.341166430496845,21.341166430496845,21.241166430496843,21.291166430496844,38670365
2008/08/22,21.38244368398282,21.38244368398282,21.28244368398282,21.33244368398282,41137365
2008/08/23,21.454715617043554,21.454715617043554,21.354715617043553,21.404715617043554,42029365
2008/08/24,21.454715617043554,21.454715617043554,21.354715617043553,21.404715617043554,42029365
2008/08/25,21.454715617043554,21.454715617043554,21.354715617043553,21.404715617043554,42029365
2008/08/26,21.52549924221409,21.52549924221409,21.425499242214087,21.475499242214088,43076365
2008/08/27,21.534727461920678,21.534727461920678,21.434727461920676,21.484727461920677,44400365
2008/08/28,21.603949501159175,21.603949501159175,21.503949501159173,21.553949501159174,44841365
2008/08/29,21.63011526748152,21.63011526748152,21.53011526748152,21.58011526748152,44984365
2008/08/30,21.645884624165657,21.645884624165657,21.545884624165655,21.595884624165656,46143365
2008/08/31,21.645884624165657,21.645884624165657,21.545884624165655,21.595884624165656,46143365
2008/09/01,21.645884624165657,21.645884624165657,21.545884624165655,21.595884624165656,46143365
2008/09/02,21.66649813674654,21.66649813674654,21.56649813674654,21.61649813674654,47219365
2008/09/03,21.687477008790847,21.687477008790847,21.587477008790845,21.637477008790846,48507365
2008/09/04,21.63927077783042,21.63927077783042,21.539270777830417,21.589270777830418,48835365
2008/09/05,21.60947287969486,21.60947287969486,21.509472879694858,21.55947287969486,49715365
2008/09/06,21.617349648010173,21.617349648010173,21.51734964801017,21.567349648010172,49627365
2008/09/07,21.617349648010173,21.617349648010173,21.51734964801017,21.567349648010172,49627365
2008/09/08,21.617349648010173,21.617349648010173,21.51734964801017,21.567349648010172,49627365
2008/09/09,21.59108437503619,21.59108437503619,21.491084375036188,21.54108437503619,50445365
2008/09/10,21.466099447773477,21.466099447773477,21.366099447773475,21.416099447773476,51965490
2008/09/11,21.37697469147842,21.37697469147842,21.27697469147842,21.32697469147842,51893490
2008/09/12,21.261422417029635,21.261422417029635,21.161422417029634,21.211422417029635,52109490
2008/09/13,21.258606288383913,21.258606288383913,21.15860628838391,21.208606288383912,51774490
2008/09/14,21.258606288383913,21.258606288383913,21.15860628838391,21.208606288383912,51774490
2008/09/15,21.258606288383913,21.258606288383913,21.15860628838391,21.208606288383912,51774490
2008/09/16,21.25612112953398,21.25612112953398,21.15612112953398,21.20612112953398,50484490
2008/09/17,21.306001431679533,21.306001431679533,21.206001431679532,21.256001431679532,50218490
2008/09/18,21.130188485842385,21.130188485842385,21.030188485842384,21.080188485842385,50708490
2008/09/19,21.13659526364629,21.13659526364629,21.036595263646287,21.086595263646288,50604682
2008/09/20,21.173378294105056,21.173378294105056,21.073378294105055,21.123378294105056,49200682
2008/09/21,21.173378294105056,21.173378294105056,21.073378294105055,21.123378294105056,49200682
2008/09/22,21.173378294105056,21.173378294105056,21.073378294105055,21.123378294105056,49200682
2008/09/23,21.17875828074229,21.17875828074229,21.07875828074229,21.12875828074229,49108682
2008/09/24,21.058454263655705,21.058454263655705,20.958454263655703,21.008454263655704,50208682
2008/09/25,21.008470944894086,21.008470944894086,20.908470944894084,20.958470944894085,49738378
2008/09/26,20.918740646637023,20.918740646637023,20.81874064663702,20.868740646637022,49468378
2008/09/27,20.802919951779575,20.802919951779575,20.702919951779574,20.752919951779575,48737378
2008/09/28,20.802919951779575,20.802919951779575,20.702919951779574,20.752919951779575,48737378
2008/09/29,20.802919951779575,20.802919951779575,20.702919951779574,20.752919951779575,48737378
2008/09/30,20.802919951779575,20.802919951779575,20.702919951779574,20.752919951779575,48737378
2008/10/01,20.755170318343676,20.755170318343676,20.655170318343675,20.705170318343676,47984378
2008/10/02,20.80227274435294,20.80227274435294,20.70227274435294,20.75227274435294,48552399
2008/10/03,20.654701421866253,20.654701421866253,20.554701421866252,20.604701421866253,46486784
2008/10/04,20.474396708513854,20.474396708513854,20.374396708513853,20.424396708513854,45254369
2008/10/05,20.474396708513854,20.474396708513854,20.374396708513853,20.424396708513854,45254369
2008/10/06,20.474396708513854,20.474396708513854,20.374396708513853,20.424396708513854,45254369
2008/10/07,20.017411226678554,20.017411226678554,19.917411226678553,19.967411226678554,39818260
2008/10/08,19.864691831561522,19.864691831561522,19.76469183156152,19.81469183156152,41445372
2008/10/09,19.660597962500955,19.660597962500955,19.560597962500953,19.610597962500954,40038288
2008/10/10,19.49883423994648,19.49883423994648,19.398834239946478,19.44883423994648,38496316
2008/10/11,19.49883423994648,19.49883423994648,19.398834239946478,19.44883423994648,38496316
2008/10/12,19.49883423994648,19.49883423994648,19.398834239946478,19.44883423994648,38496316
2008/10/13,19.49883423994648,19.49883423994648,19.398834239946478,19.44883423994648,38496316
2008/10/14,19.213107845873203,19.213107845873203,19.113107845873202,19.163107845873203,35108446
2008/10/15,19.004864523290184,19.004864523290184,18.904864523290183,18.954864523290183,32573446
2008/10/16,18.734790536169186,18.734790536169186,18.634790536169184,18.684790536169185,30294446
2008/10/17,18.49257725669664,18.49257725669664,18.39257725669664,18.44257725669664,27490931
2008/10/18,18.54701452439628,18.54701452439628,18.447014524396277,18.497014524396278,27255931
2008/10/19,18.54701452439628,18.54701452439628,18.447014524396277,18.497014524396278,27255931
2008/10/20,18.54701452439628,18.54701452439628,18.447014524396277,18.497014524396278,27255931
2008/10/21,18.444844234158715,18.444844234158715,18.344844234158714,18.394844234158715,26954075
2008/10/22,18.46831875748169,18.46831875748169,18.36831875748169,18.41831875748169,26986075
2008/10/23,18.5138069818194,18.5138069818194,18.4138069818194,18.4638069818194,27462459
2008/10/24,18.316152930734827,18.316152930734827,18.216152930734825,18.266152930734826,28733038
2008/10/25,18.288856756971377,18.288856756971377,18.188856756971376,18.238856756971376,28418038
2008/10/26,18.288856756971377,18.288856756971377,18.188856756971376,18.238856756971376,28418038
2008/10/27,18.288856756971377,18.288856756971377,18.188856756971376,18.238856756971376,28418038
2008/10/28,18.162553052841243,18.162553052841243,18.062553052841242,18.112553052841243,28631038
2008/10/29,18.01120320276636,18.01120320276636,17.91120320276636,17.96120320276636,26074038
2008/10/30,17.998971525352623,17.998971525352623,17.89897152535262,17.948971525352622,25693468
2008/10/31,17.976173458504707,17.976173458504707,17.876173458504706,17.926173458504707,24985468
2008/11/01,18.006016518170334,18.006016518170334,17.906016518170333,17.956016518170333,26054683
2008/11/02,18.006016518170334,18.006016518170334,17.906016518170333,17.956016518170333,26054683
2008/11/03,18.006016518170334,18.006016518170334,17.906016518170333,17.956016518170333,26054683
2008/11/04,18.001970574473315,18.001970574473315,17.901970574473314,17.951970574473314,25237921
2008/11/05,17.949473866721036,17.949473866721036,17.849473866721034,17.899473866721035,26185167
2008/11/06,17.92954717909755,17.92954717909755,17.82954717909755,17.87954717909755,26185167
2008/11/07,17.914172096976596,17.914172096976596,17.814172096976595,17.864172096976596,26389189
2008/11/08,17.880747106330453,17.880747106330453,17.780747106330452,17.830747106330453,25939168
2008/11/09,17.880747106330453,17.880747106330453,17.780747106330452,17.830747106330453,25939168
2008/11/10,17.880747106330453,17.880747106330453,17.780747106330452,17.830747106330453,25939168
2008/11/11,17.808340178173996,17.808340178173996,17.708340178173994,17.758340178173995,26431168
2008/11/12,17.781928800425632,17.781928800425632,17.68192880042563,17.73192880042563,24458168
2008/11/13,17.78553361512145,17.78553361512145,17.68553361512145,17.73553361512145,24934851
2008/11/14,17.734687061723967,17.734687061723967,17.634687061723966,17.684687061723967,23723624
2008/11/15,17.7008805835024,17.7008805835024,17.6008805835024,17.6508805835024,23827613
2008/11/16,17.7008805835024,17.7008805835024,17.6008805835024,17.6508805835024,23827613
2008/11/17,17.7008805835024,17.7008805835024,17.6008805835024,17.6508805835024,23827613
2008/11/18,17.705773944443255,17.705773944443255,17.605773944443253,17.655773944443254,23855613
2008/11/19,17.657517982839703,17.657517982839703,17.557517982839702,17.607517982839703,24591613
2008/11/20,17.527302676554974,17.527302676554974,17.427302676554973,17.477302676554974,25022942
2008/11/21,17.514663094992667,17.514663094992667,17.414663094992665,17.464663094992666,24413942
2008/11/22,17.512906308814525,17.512906308814525,17.412906308814524,17.462906308814524,24044943
2008/11/23,17.512906308814525,17.512906308814525,17.412906308814524,17.462906308814524,24044943
2008/11/24,17.512906308814525,17.512906308814525,17.412906308814524,17.462906308814524,24044943
2008/11/25,17.439771395530606,17.439771395530606,17.339771395530605,17.389771395530605,19054061
2008/11/26,17.295297566303194,17.295297566303194,17.195297566303193,17.245297566303194,18435802
2008/11/27,17.321218624471058,17.321218624471058,17.221218624471057,17.271218624471057,18128347
2008/11/28,17.26715262428115,17.26715262428115,17.167152624281147,17.217152624281148,18101347
2008/11/29,17.276816967864878,17.276816967864878,17.176816967864877,17.226816967864877,17777267
2008/11/30,17.276816967864878,17.276816967864878,17.176816967864877,17.226816967864877,17777267
2008/12/01,17.276816967864878,17.276816967864878,17.176816967864877,17.226816967864877,17777267
2008/12/02,17.187686964733334,17.187686964733334,17.087686964733333,17.137686964733334,16696757
2008/12/03,17.11072016725272,17.11072016725272,17.010720167252718,17.06072016725272,15806765
2008/12/04,16.859247651045607,16.859247651045607,16.759247651045605,16.809247651045606,15214765
2008/12/05,16.782322701211044,16.782322701211044,16.682322701211042,16.732322701211043,14355765
2008/12/06,16.705357874370872,16.705357874370872,16.60535787437087,16.65535787437087,13631108
2008/12/07,16.705357874370872,16.705357874370872,16.60535787437087,16.65535787437087,13631108
2008/12/08,16.705357874370872,16.705357874370872,16.60535787437087,16.65535787437087,13631108
2008/12/09,16.66354461700598,16.66354461700598,16.563544617005977,16.613544617005978,12319870
2008/12/10,16.590687686934046,16.590687686934046,16.490687686934045,16.540687686934046,11282216
2008/12/11,16.466968242788294,16.466968242788294,16.366968242788293,16.416968242788293,9908216
2008/12/12,16.488219371744023,16.488219371744023,16.38821937174402,16.438219371744022,10272216
2008/12/13,16.26126455715852,16.26126455715852,16.161264557158518,16.21126455715852,8545216
2008/12/14,16.26126455715852,16.26126455715852,16.161264557158518,16.21126455715852,8545216
2008/12/15,16.26126455715852,16.26126455715852,16.161264557158518,16.21126455715852,8545216
2008/12/16,16.283989261693684,16.283989261693684,16.183989261693682,16.233989261693683,8350216
2008/12/17,16.241264428974663,16.241264428974663,16.14126442897466,16.191264428974662,8298253
2008/12/18,16.23662686612547,16.23662686612547,16.136626866125468,16.18662686612547,7746040
2008/12/19,15.825507185768698,15.825507185768698,15.725507185768697,15.775507185768697,5425739
2008/12/20,15.699767515504202,15.699767515504202,15.599767515504201,15.649767515504202,4760739
2008/12/21,15.699767515504202,15.699767515504202,15.599767515504201,15.649767515504202,4760739
2008/12/22,15.699767515504202,15.699767515504202,15.599767515504201,15.649767515504202,4760739
2008/12/23,15.70854825591489,15.70854825591489,15.608548255914888,15.658548255914889,4728739
2008/12/24,15.664964058895563,15.664964058895563,15.564964058895562,15.614964058895563,4340739
2008/12/25,15.596713864003007,15.596713864003007,15.496713864003006,15.546713864003006,3665198
2008/12/26,15.438675999743271,15.438675999743271,15.33867599974327,15.38867599974327,2687198
2008/12/27,15.05282593054137,15.05282593054137,14.952825930541369,15.00282593054137,1998198
2008/12/28,15.05282593054137,15.05282593054137,14.952825930541369,15.00282593054137,1998198
2008/12/29,15.05282593054137,15.05282593054137,14.952825930541369,15.00282593054137,1998198
2008/12/30,15.00495358064974,15.00495358064974,14.904953580649739,14.95495358064974,823386
2008/12/31,14.970727458334709,14.970727458334709,14.870727458334708,14.920727458334708,648386
2009/01/01,15.778805526715548,15.778805526715548,15.678805526715546,15.728805526715547,214985
2009/01/02,15.778805526715548,15.778805526715548,15.678805526715546,15.728805526715547,214985
2009/01/03,15.778805526715548,15.778805526715548,15.678805526715546,15.728805526715547,214985
2009/01/04,15.778805526715548,15.778805526715548,15.678805526715546,15.728805526715547,214985
2009/01/05,15.778805526715548,15.778805526715548,15.678805526715546,15.728805526715547,214985
2009/01/06,15.662649912533682,15.662649912533682,15.562649912533681,15.612649912533682,256985
2009/01/07,16.624627993795006,16.724627993795007,16.624627993795006,16.674627993795006,4426015
2009/01/08,16.526839235804566,16.626839235804567,16.526839235804566,16.576839235804567,6458015
2009/01/09,16.439785350581573,16.539785350581575,16.439785350581573,16.489785350581574,9368015
2009/01/10,16.354475522656937,16.45447552265694,16.354475522656937,16.404475522656938,10839507
2009/01/11,16.354475522656937,16.45447552265694,16.354475522656937,16.404475522656938,10839507
2009/01/12,16.354475522656937,16.45447552265694,16.354475522656937,16.404475522656938,10839507
2009/01/13,16.283373104918336,16.383373104918338,16.283373104918336,16.333373104918337,10952507
2009/01/14,16.03798024498111,16.13798024498111,16.03798024498111,16.08798024498111,14717507
2009/01/15,16.04213084214427,16.142130842144272,16.04213084214427,16.09213084214427,16698507
2009/01/16,15.958839587137732,16.058839587137733,15.958839587137732,16.008839587137732,17603507
2009/01/17,15.780286230562966,15.880286230562968,15.780286230562966,15.830286230562967,20741507
2009/01/18,15.780286230562966,15.880286230562968,15.780286230562966,15.830286230562967,20741507
2009/01/19,15.780286230562966,15.880286230562968,15.780286230562966,15.830286230562967,20741507
2009/01/20,15.72819147643779,15.828191476437791,15.72819147643779,15.77819147643779,21311507
2009/01/21,15.650667792912435,15.750667792912436,15.650667792912435,15.700667792912435,22116507
2009/01/22,15.666219325263228,15.76621932526323,15.666219325263228,15.716219325263229,22014507
2009/01/23,15.666219325263228,15.76621932526323,15.666219325263228,15.716219325263229,22014507
2009/01/24,15.666219325263228,15.76621932526323,15.666219325263228,15.716219325263229,22014507
2009/01/25,15.666219325263228,15.76621932526323,15.666219325263228,15.716219325263229,22014507
2009/01/26,15.666219325263228,15.76621932526323,15.666219325263228,15.716219325263229,22014507
2009/01/27,15.666219325263228,15.76621932526323,15.666219325263228,15.716219325263229,22014507
2009/01/28,15.666219325263228,15.76621932526323,15.666219325263228,15.716219325263229,22014507
2009/01/29,15.666219325263228,15.76621932526323,15.666219325263228,15.716219325263229,22014507
2009/01/30,15.666219325263228,15.76621932526323,15.666219325263228,15.716219325263229,22014507
2009/01/31,15.666219325263228,15.76621932526323,15.666219325263228,15.716219325263229,22014507
2009/02/01,15.666219325263228,15.76621932526323,15.666219325263228,15.716219325263229,22014507
2009/02/02,15.666219325263228,15.76621932526323,15.666219325263228,15.716219325263229,22014507
2009/02/03,15.794487040349523,15.894487040349524,15.794487040349523,15.844487040349524,21085141
2009/02/04,15.86818653691149,15.96818653691149,15.86818653691149,15.91818653691149,20504141
2009/02/05,15.789529566553993,15.889529566553994,15.789529566553993,15.839529566553994,21672141
2009/02/06,15.816172028742569,15.91617202874257,15.816172028742569,15.86617202874257,22375333
2009/02/07,15.954253022544663,16.054253022544664,15.954253022544663,16.004253022544663,20811333
2009/02/08,15.954253022544663,16.054253022544664,15.954253022544663,16.004253022544663,20811333
2009/02/09,15.954253022544663,16.054253022544664,15.954253022544663,16.004253022544663,20811333
2009/02/10,15.96077463457257,16.06077463457257,15.96077463457257,16.01077463457257,20791333
2009/02/11,15.885350335622215,15.985350335622217,15.885350335622215,15.935350335622216,22164333
2009/02/12,15.882453953201939,15.98245395320194,15.882453953201939,15.93245395320194,22734333
2009/02/13,15.858356511875057,15.958356511875058,15.858356511875057,15.908356511875057,22411333
2009/02/14,15.834253079044872,15.934253079044874,15.834253079044872,15.884253079044873,23230333
2009/02/15,15.834253079044872,15.934253079044874,15.834253079044872,15.884253079044873,23230333
2009/02/16,15.834253079044872,15.934253079044874,15.834253079044872,15.884253079044873,23230333
2009/02/17,15.84218940279449,15.942189402794492,15.84218940279449,15.892189402794491,23357333
2009/02/18,15.8478962221583,15.9478962221583,15.8478962221583,15.8978962221583,23226735
2009/02/19,15.858756350201306,15.958756350201307,15.858756350201306,15.908756350201307,22866735
2009/02/20,15.827538952678893,15.927538952678894,15.827538952678893,15.877538952678893,23373957
2009/02/21,15.803058173965177,15.903058173965178,15.803058173965177,15.853058173965177,23642807
2009/02/22,15.803058173965177,15.903058173965178,15.803058173965177,15.853058173965177,23642807
2009/02/23,15.803058173965177,15.903058173965178,15.803058173965177,15.853058173965177,23642807
2009/02/24,15.700808793756776,15.800808793756778,15.700808793756776,15.750808793756777,24979807
2009/02/25,15.657183523479798,15.7571835234798,15.657183523479798,15.707183523479799,25175747
2009/02/26,15.638299180432101,15.738299180432103,15.638299180432101,15.688299180432102,25538747
2009/02/27,15.689624351130613,15.789624351130614,15.689624351130613,15.739624351130614,25040120
2009/02/28,15.716569106289066,15.816569106289068,15.716569106289066,15.766569106289067,24779120
2009/03/01,15.716569106289066,15.816569106289068,15.716569106289066,15.766569106289067,24779120
2009/03/02,15.716569106289066,15.816569106289068,15.716569106289066,15.766569106289067,24779120
2009/03/03,15.700830044523386,15.800830044523387,15.700830044523386,15.750830044523386,24866120
2009/03/04,15.700830044523386,15.800830044523387,15.700830044523386,15.750830044523386,24268120
2009/03/05,15.776611111175125,15.876611111175126,15.776611111175125,15.826611111175126,23311120
2009/03/06,15.753832639983148,15.85383263998315,15.753832639983148,15.803832639983149,23673264
2009/03/07,15.759649846049259,15.85964984604926,15.759649846049259,15.80964984604926,24322764
2009/03/08,15.759649846049259,15.85964984604926,15.759649846049259,15.80964984604926,24322764
2009/03/09,15.759649846049259,15.85964984604926,15.759649846049259,15.80964984604926,24322764
2009/03/10,15.764428050432182,15.864428050432183,15.764428050432182,15.814428050432182,22651764
2009/03/11,15.68234992518936,15.782349925189362,15.68234992518936,15.73234992518936,23702180
2009/03/12,15.684010709611456,15.784010709611458,15.684010709611456,15.734010709611457,23836129
2009/03/13,15.656757452614613,15.756757452614615,15.656757452614613,15.706757452614614,24563129
2009/03/14,15.69101275769221,15.791012757692211,15.69101275769221,15.74101275769221,25727129
2009/03/15,15.69101275769221,15.791012757692211,15.69101275769221,15.74101275769221,25727129
2009/03/16,15.69101275769221,15.791012757692211,15.69101275769221,15.74101275769221,25727129
2009/03/17,15.692463861126852,15.792463861126853,15.692463861126852,15.742463861126852,25698559
2009/03/18,15.69304931158139,15.793049311581392,15.69304931158139,15.743049311581391,26048559
2009/03/19,15.698188495149605,15.798188495149606,15.698188495149605,15.748188495149606,26788559
2009/03/20,15.75217831575725,15.852178315757252,15.75217831575725,15.802178315757251,24953899
2009/03/21,15.714187649052812,15.814187649052814,15.714187649052812,15.764187649052813,23938899
2009/03/22,15.714187649052812,15.814187649052814,15.714187649052812,15.764187649052813,23938899
2009/03/23,15.714187649052812,15.814187649052814,15.714187649052812,15.764187649052813,23938899
2009/03/24,15.711236913716432,15.811236913716433,15.711236913716432,15.761236913716433,25078899
2009/03/25,15.724117508009675,15.824117508009676,15.724117508009675,15.774117508009676,26361904
2009/03/26,15.73631973704905,15.83631973704905,15.73631973704905,15.78631973704905,26771904
2009/03/27,15.70708140876842,15.807081408768422,15.70708140876842,15.757081408768421,27595865
2009/03/28,15.793505912708511,15.893505912708513,15.793505912708511,15.843505912708512,25924865
2009/03/29,15.793505912708511,15.893505912708513,15.793505912708511,15.843505912708512,25924865
2009/03/30,15.793505912708511,15.893505912708513,15.793505912708511,15.843505912708512,25924865
2009/03/31,15.788823561018344,15.888823561018345,15.788823561018344,15.838823561018344,25272548
2009/04/01,15.813603403051632,15.913603403051633,15.813603403051632,15.863603403051632,26269186
2009/04/02,15.800783586473553,15.900783586473555,15.800783586473553,15.850783586473554,26271175
2009/04/03,15.819761196385747,15.919761196385748,15.819761196385747,15.869761196385747,26177175
2009/04/04,15.819544848044961,15.919544848044962,15.819544848044961,15.869544848044962,26886175
2009/04/05,15.819544848044961,15.919544848044962,15.819544848044961,15.869544848044962,26886175
2009/04/06,15.819544848044961,15.919544848044962,15.819544848044961,15.869544848044962,26886175
2009/04/07,15.790997954424258,15.89099795442426,15.790997954424258,15.840997954424259,27691175
2009/04/08,15.811969867620379,15.91196986762038,15.811969867620379,15.86196986762038,26672054
2009/04/09,15.832758223008728,15.93275822300873,15.832758223008728,15.882758223008729,25788055
2009/04/10,16.238746801688926,16.338746801688927,16.238746801688926,16.288746801688927,24965373
2009/04/11,16.209661153136047,16.309661153136048,16.209661153136047,16.259661153136047,25047114
2009/04/12,16.209661153136047,16.309661153136048,16.209661153136047,16.259661153136047,25047114
2009/04/13,16.209661153136047,16.309661153136048,16.209661153136047,16.259661153136047,25047114
2009/04/14,16.273856434433434,16.373856434433435,16.273856434433434,16.323856434433434,24717114
2009/04/15,16.280896650156375,16.380896650156377,16.280896650156375,16.330896650156376,25165715
2009/04/16,16.308884994153765,16.408884994153766,16.308884994153765,16.358884994153765,24245715
2009/04/17,16.31931081995255,16.41931081995255,16.31931081995255,16.36931081995255,23502715
2009/04/18,16.322372885558778,16.42237288555878,16.322372885558778,16.37237288555878,23347723
2009/04/19,16.322372885558778,16.42237288555878,16.322372885558778,16.37237288555878,23347723
2009/04/20,16.322372885558778,16.42237288555878,16.322372885558778,16.37237288555878,23347723
2009/04/21,16.306961300508405,16.406961300508407,16.306961300508405,16.356961300508406,24225941
2009/04/22,16.401307584167526,16.501307584167527,16.401307584167526,16.451307584167527,24740800
2009/04/23,17.929085067146598,18.0290850671466,17.929085067146598,17.9790850671466,36929800
2009/04/24,18.31491440285238,18.414914402852382,18.31491440285238,18.36491440285238,38655562
2009/04/25,18.37232464397613,18.47232464397613,18.37232464397613,18.42232464397613,38589908
2009/04/26,18.37232464397613,18.47232464397613,18.37232464397613,18.42232464397613,38589908
2009/04/27,18.37232464397613,18.47232464397613,18.37232464397613,18.42232464397613,38589908
2009/04/28,18.3877419818686,18.487741981868602,18.3877419818686,18.4377419818686,37954545
2009/04/29,18.397030013041444,18.497030013041446,18.397030013041444,18.447030013041445,38465545
2009/04/30,18.464178709315068,18.56417870931507,18.464178709315068,18.51417870931507,43009671
2009/05/01,18.488062710930134,18.588062710930135,18.488062710930134,18.538062710930134,41662671
2009/05/02,18.488062710930134,18.588062710930135,18.488062710930134,18.538062710930134,41662671
2009/05/03,18.488062710930134,18.588062710930135,18.488062710930134,18.538062710930134,41662671
2009/05/04,18.488062710930134,18.588062710930135,18.488062710930134,18.538062710930134,41662671
2009/05/05,18.510463587697302,18.610463587697303,18.510463587697302,18.560463587697303,42619708
2009/05/06,18.543997700791106,18.643997700791108,18.543997700791106,18.593997700791107,41836708
2009/05/07,18.570814132860097,18.670814132860098,18.570814132860097,18.620814132860097,40027408
2009/05/08,18.625003150319206,18.725003150319207,18.625003150319206,18.675003150319206,41312408
2009/05/09,18.735498545174494,18.835498545174495,18.735498545174494,18.785498545174494,44016209
2009/05/10,18.735498545174494,18.835498545174495,18.735498545174494,18.785498545174494,44016209
2009/05/11,18.735498545174494,18.835498545174495,18.735498545174494,18.785498545174494,44016209
2009/05/12,18.748834492339935,18.848834492339936,18.748834492339935,18.798834492339935,43464209
2009/05/13,19.047409375701726,19.147409375701727,19.047409375701726,19.097409375701726,51240074
2009/05/14,19.300128989652677,19.40012898965268,19.300128989652677,19.350128989652678,56846074
2009/05/15,19.444457333745497,19.5444573337455,19.444457333745497,19.494457333745498,61042904
2009/05/16,19.56295819225154,19.66295819225154,19.56295819225154,19.61295819225154,61401938
2009/05/17,19.56295819225154,19.66295819225154,19.56295819225154,19.61295819225154,61401938
2009/05/18,19.56295819225154,19.66295819225154,19.56295819225154,19.61295819225154,61401938
2009/05/19,19.741945404041903,19.841945404041905,19.741945404041903,19.791945404041904,66115699
2009/05/20,19.796621399825806,19.896621399825808,19.796621399825806,19.846621399825807,68765869
2009/05/21,19.82998193997755,19.92998193997755,19.82998193997755,19.87998193997755,69290869
2009/05/22,20.13798004266882,20.23798004266882,20.13798004266882,20.18798004266882,67373869
2009/05/23,20.44401931333552,20.54401931333552,20.44401931333552,20.49401931333552,76395869
2009/05/24,20.44401931333552,20.54401931333552,20.44401931333552,20.49401931333552,76395869
2009/05/25,20.44401931333552,20.54401931333552,20.44401931333552,20.49401931333552,76395869
2009/05/26,20.56332497821429,20.66332497821429,20.56332497821429,20.61332497821429,74451743
2009/05/27,20.663793467312445,20.763793467312446,20.663793467312445,20.713793467312446,77237251
2009/05/28,20.83521675336925,20.93521675336925,20.83521675336925,20.88521675336925,86364289
2009/05/29,20.83521675336925,20.93521675336925,20.83521675336925,20.88521675336925,86364289
2009/05/30,20.83521675336925,20.93521675336925,20.83521675336925,20.88521675336925,86364289
2009/05/31,20.83521675336925,20.93521675336925,20.83521675336925,20.88521675336925,86364289
2009/06/01,20.83521675336925,20.93521675336925,20.83521675336925,20.88521675336925,86364289
2009/06/02,21.27951536134475,21.37951536134475,21.27951536134475,21.32951536134475,90723125
2009/06/03,21.602089842535896,21.702089842535898,21.602089842535896,21.652089842535897,93426647
2009/06/04,21.617491898581342,21.717491898581343,21.617491898581342,21.667491898581343,93605372
2009/06/05,21.683066900008264,21.783066900008265,21.683066900008264,21.733066900008264,90706372
2009/06/06,21.683175163860394,21.783175163860395,21.683175163860394,21.733175163860395,89272885
2009/06/07,21.683175163860394,21.783175163860395,21.683175163860394,21.733175163860395,89272885
2009/06/08,21.683175163860394,21.783175163860395,21.683175163860394,21.733175163860395,89272885
2009/06/09,21.679432369517077,21.779432369517078,21.679432369517077,21.729432369517077,87677342
2009/06/10,21.711304319332243,21.811304319332244,21.711304319332243,21.761304319332243,90857409
2009/06/11,21.72772638176589,21.827726381765892,21.72772638176589,21.77772638176589,91100348
2009/06/12,21.741376833418617,21.841376833418618,21.741376833418617,21.791376833418617,89418593
2009/06/13,21.74887431740326,21.84887431740326,21.74887431740326,21.79887431740326,87976593
2009/06/14,21.74887431740326,21.84887431740326,21.74887431740326,21.79887431740326,87976593
2009/06/15,21.74887431740326,21.84887431740326,21.74887431740326,21.79887431740326,87976593
2009/06/16,21.794908208010195,21.894908208010197,21.794908208010195,21.844908208010196,86848593
2009/06/17,21.7801405882868,21.880140588286803,21.7801405882868,21.830140588286802,88270583
2009/06/18,21.782387096994224,21.882387096994226,21.782387096994224,21.832387096994225,88620026
2009/06/19,21.797540256033393,21.897540256033395,21.797540256033393,21.847540256033394,87263026
2009/06/20,21.821893410973715,21.921893410973716,21.821893410973715,21.871893410973716,85817818
2009/06/21,21.821893410973715,21.921893410973716,21.821893410973715,21.871893410973716,85817818
2009/06/22,21.821893410973715,21.921893410973716,21.821893410973715,21.871893410973716,85817818
2009/06/23,21.790722944436542,21.890722944436543,21.790722944436542,21.840722944436543,85752818
2009/06/24,21.815539286241062,21.915539286241064,21.815539286241062,21.865539286241063,83288118
2009/06/25,21.81627832557866,21.916278325578663,21.81627832557866,21.866278325578662,83952118
2009/06/26,21.81229037915459,21.91229037915459,21.81229037915459,21.86229037915459,84255881
2009/06/27,21.80312687767789,21.90312687767789,21.80312687767789,21.85312687767789,84267881
2009/06/28,21.80312687767789,21.90312687767789,21.80312687767789,21.85312687767789,84267881
2009/06/29,21.80312687767789,21.90312687767789,21.80312687767789,21.85312687767789,84267881
2009/06/30,21.80757275658183,21.907572756581832,21.80757275658183,21.85757275658183,83029881
2009/07/01,21.79969547136919,21.899695471369192,21.79969547136919,21.84969547136919,83435021
2009/07/02,21.800524729748073,21.900524729748074,21.800524729748073,21.850524729748074,83435021
2009/07/03,21.79372885033468,21.893728850334682,21.79372885033468,21.84372885033468,83266021
2009/07/04,21.80782252818517,21.90782252818517,21.80782252818517,21.85782252818517,82862227
2009/07/05,21.80782252818517,21.90782252818517,21.80782252818517,21.85782252818517,82862227
2009/07/06,21.80782252818517,21.90782252818517,21.80782252818517,21.85782252818517,82862227
2009/07/07,21.80687080663985,21.90687080663985,21.80687080663985,21.85687080663985,82682984
2009/07/08,21.818278202868786,21.918278202868787,21.818278202868786,21.868278202868787,81970274
2009/07/09,21.814020891701027,21.91402089170103,21.814020891701027,21.864020891701028,81215274
2009/07/10,21.787391463690913,21.887391463690914,21.787391463690913,21.837391463690913,80959274
2009/07/11,21.787253645599808,21.88725364559981,21.787253645599808,21.83725364559981,80637274
2009/07/12,21.787253645599808,21.88725364559981,21.787253645599808,21.83725364559981,80637274
2009/07/13,21.787253645599808,21.88725364559981,21.787253645599808,21.83725364559981,80637274
2009/07/14,21.790721815863147,21.89072181586315,21.790721815863147,21.840721815863148,80334274
2009/07/15,21.81451223507344,21.914512235073442,21.81451223507344,21.86451223507344,81327812
2009/07/16,21.745180586563368,21.84518058656337,21.745180586563368,21.79518058656337,83236014
2009/07/17,21.74929089981084,21.849290899810843,21.74929089981084,21.799290899810842,84755014
2009/07/18,21.761091657175054,21.861091657175056,21.761091657175054,21.811091657175055,85296528
2009/07/19,21.761091657175054,21.861091657175056,21.761091657175054,21.811091657175055,85296528
2009/07/20,21.761091657175054,21.861091657175056,21.761091657175054,21.811091657175055,85296528
2009/07/21,21.775127643549542,21.875127643549543,21.775127643549542,21.825127643549543,85221528
2009/07/22,21.851994274440337,21.951994274440338,21.851994274440337,21.901994274440337,85238148
2009/07/23,21.8613863709504,21.9613863709504,21.8613863709504,21.9113863709504,85663148
2009/07/24,21.887277764669747,21.98727776466975,21.887277764669747,21.937277764669748,86420748
2009/07/25,21.915597319992248,22.01559731999225,21.915597319992248,21.96559731999225,86033728
2009/07/26,21.915597319992248,22.01559731999225,21.915597319992248,21.96559731999225,86033728
2009/07/27,21.915597319992248,22.01559731999225,21.915597319992248,21.96559731999225,86033728
2009/07/28,21.895098171403742,21.995098171403743,21.895098171403742,21.945098171403743,88264388
2009/07/29,21.837007568307655,21.937007568307656,21.837007568307655,21.887007568307656,89996388
2009/07/30,21.88288886481306,21.982888864813063,21.88288886481306,21.932888864813062,89208924
2009/07/31,21.924420166786316,22.024420166786317,21.924420166786316,21.974420166786317,87835941
2009/08/01,21.960802086446428,22.06080208644643,21.960802086446428,22.01080208644643,89238941
2009/08/02,21.960802086446428,22.06080208644643,21.960802086446428,22.01080208644643,89238941
2009/08/03,21.960802086446428,22.06080208644643,21.960802086446428,22.01080208644643,89238941
2009/08/04,21.970210686118005,22.070210686118006,21.970210686118005,22.020210686118006,88700980
2009/08/05,21.95831101253907,22.058311012539072,21.95831101253907,22.00831101253907,88559980
2009/08/06,21.934800738204345,22.034800738204346,21.934800738204345,21.984800738204346,88591980
2009/08/07,21.965087698178756,22.065087698178758,21.965087698178756,22.015087698178757,87415342
2009/08/08,21.965087698178756,22.065087698178758,21.965087698178756,22.015087698178757,87415342
2009/08/09,21.965087698178756,22.065087698178758,21.965087698178756,22.015087698178757,87415342
2009/08/10,21.965087698178756,22.065087698178758,21.965087698178756,22.015087698178757,87415342
2009/08/11,21.960053460720367,22.06005346072037,21.960053460720367,22.010053460720368,87102747
2009/08/12,21.961267939392616,22.061267939392618,21.961267939392616,22.011267939392617,87209747
2009/08/13,21.973655274821265,22.073655274821267,21.973655274821265,22.023655274821266,86522747
2009/08/14,21.978941656030525,22.078941656030526,21.978941656030525,22.028941656030526,87329747
2009/08/15,21.958408991731233,22.058408991731234,21.958408991731233,22.008408991731233,88049868
2009/08/16,21.958408991731233,22.058408991731234,21.958408991731233,22.008408991731233,88049868
2009/08/17,21.958408991731233,22.058408991731234,21.958408991731233,22.008408991731233,88049868
2009/08/18,21.940790291562337,22.040790291562338,21.940790291562337,21.990790291562337,88353868
2009/08/19,22.00331544149911,22.103315441499113,22.00331544149911,22.053315441499112,85674868
2009/08/20,21.99336682251152,22.09336682251152,21.99336682251152,22.04336682251152,85639868
2009/08/21,22.00107764700086,22.10107764700086,22.00107764700086,22.05107764700086,84758914
2009/08/22,21.98685356937043,22.086853569370433,21.98685356937043,22.036853569370432,85453905
2009/08/23,21.98685356937043,22.086853569370433,21.98685356937043,22.036853569370432,85453905
2009/08/24,21.98685356937043,22.086853569370433,21.98685356937043,22.036853569370432,85453905
2009/08/25,21.960983547247086,22.060983547247087,21.960983547247086,22.010983547247086,86797905
2009/08/26,21.950339830879514,22.050339830879516,21.950339830879514,22.000339830879515,87041905
2009/08/27,21.94829465791414,22.04829465791414,21.94829465791414,21.99829465791414,87168905
2009/08/28,21.952219243906523,22.052219243906524,21.952219243906523,22.002219243906524,87008045
2009/08/29,21.964801988354896,22.064801988354898,21.964801988354896,22.014801988354897,83684586
2009/08/30,21.964801988354896,22.064801988354898,21.964801988354896,22.014801988354897,83684586
2009/08/31,21.964801988354896,22.064801988354898,21.964801988354896,22.014801988354897,83684586
2009/09/01,22.08819621313833,22.18819621313833,22.08819621313833,22.13819621313833,71086607
2009/09/02,22.102664505651642,22.202664505651644,22.102664505651642,22.152664505651643,68715390
2009/09/03,22.109306033935052,22.209306033935054,22.109306033935052,22.159306033935053,68381390
2009/09/04,22.06654350375003,22.16654350375003,22.06654350375003,22.11654350375003,71674828
2009/09/05,22.074285483044047,22.17428548304405,22.074285483044047,22.124285483044048,70902828
2009/09/06,22.074285483044047,22.17428548304405,22.074285483044047,22.124285483044048,70902828
2009/09/07,22.074285483044047,22.17428548304405,22.074285483044047,22.124285483044048,70902828
2009/09/08,22.181135265451207,22.28113526545121,22.181135265451207,22.231135265451208,66406702
2009/09/09,22.157362424014014,22.257362424014016,22.157362424014014,22.207362424014015,68667702
2009/09/10,22.16843047697756,22.26843047697756,22.16843047697756,22.21843047697756,67956702
2009/09/11,22.16226165606735,22.262261656067352,22.16226165606735,22.21226165606735,68116882
2009/09/12,22.13230529409048,22.23230529409048,22.13230529409048,22.18230529409048,68915843
2009/09/13,22.13230529409048,22.23230529409048,22.13230529409048,22.18230529409048,68915843
2009/09/14,22.13230529409048,22.23230529409048,22.13230529409048,22.18230529409048,68915843
2009/09/15,22.161583454264292,22.261583454264294,22.161583454264292,22.211583454264293,67434843
2009/09/16,22.198048483223374,22.298048483223376,22.198048483223374,22.248048483223375,65380704
2009/09/17,22.193179170007152,22.293179170007154,22.193179170007152,22.243179170007153,65700704
2009/09/18,22.331680997614797,22.431680997614798,22.331680997614797,22.381680997614797,56455864
2009/09/19,22.386607258121447,22.48660725812145,22.386607258121447,22.436607258121448,49767864
2009/09/20,22.386607258121447,22.48660725812145,22.386607258121447,22.436607258121448,49767864
2009/09/21,22.386607258121447,22.48660725812145,22.386607258121447,22.436607258121448,49767864
2009/09/22,22.38802289295786,22.48802289295786,22.38802289295786,22.43802289295786,45424642
2009/09/23,22.383855654373296,22.483855654373297,22.383855654373296,22.433855654373296,44022796
2009/09/24,22.384689949486198,22.4846899494862,22.384689949486198,22.4346899494862,37002035
2009/09/25,22.38279737296525,22.48279737296525,22.38279737296525,22.43279737296525,34271464
2009/09/26,22.385249454039982,22.485249454039984,22.385249454039982,22.435249454039983,31422288
2009/09/27,22.385249454039982,22.485249454039984,22.385249454039982,22.435249454039983,31422288
2009/09/28,22.385249454039982,22.485249454039984,22.385249454039982,22.435249454039983,31422288
2009/09/29,22.385935710496724,22.485935710496726,22.385935710496724,22.435935710496725,28751288
2009/09/30,22.247025323648693,22.347025323648694,22.247025323648693,22.297025323648693,19517366
2009/10/01,22.2423220835979,22.342322083597903,22.2423220835979,22.292322083597902,18799613
2009/10/02,22.174647570342728,22.27464757034273,22.174647570342728,22.22464757034273,14894613
2009/10/03,21.761090947547206,21.861090947547208,21.761090947547206,21.811090947547207,5560917
2009/10/04,21.761090947547206,21.861090947547208,21.761090947547206,21.811090947547207,5560917
2009/10/05,21.761090947547206,21.861090947547208,21.761090947547206,21.811090947547207,5560917
2009/10/06,20.84005208448455,20.84005208448455,20.74005208448455,20.79005208448455,2097411
2009/10/07,21.28420827213875,21.28420827213875,21.184208272138747,21.234208272138748,6589933
2009/10/08,21.30371256143257,21.30371256143257,21.203712561432567,21.253712561432568,6136937
2009/10/09,21.19661732437327,21.19661732437327,21.09661732437327,21.14661732437327,5546465
2009/10/10,21.158595883527884,21.158595883527884,21.058595883527882,21.108595883527883,3702978
2009/10/11,21.158595883527884,21.158595883527884,21.058595883527882,21.108595883527883,3702978
2009/10/12,21.158595883527884,21.158595883527884,21.058595883527882,21.108595883527883,3702978
2009/10/13,21.136398535834548,21.136398535834548,21.036398535834547,21.086398535834547,2213435
2009/10/14,21.222386838844645,21.222386838844645,21.122386838844644,21.172386838844645,5500090
2009/10/15,21.261142361744593,21.261142361744593,21.16114236174459,21.211142361744592,5475663
2009/10/16,21.19349356776412,21.19349356776412,21.093493567764117,21.143493567764118,2827908
2009/10/17,21.35308807561736,21.35308807561736,21.25308807561736,21.30308807561736,4126717
2009/10/18,21.35308807561736,21.35308807561736,21.25308807561736,21.30308807561736,4126717
2009/10/19,21.35308807561736,21.35308807561736,21.25308807561736,21.30308807561736,4126717
2009/10/20,21.35821575417352,21.35821575417352,21.25821575417352,21.30821575417352,3204472
2009/10/21,21.319405612582038,21.319405612582038,21.219405612582037,21.269405612582037,4715462
2009/10/22,21.365882032425894,21.365882032425894,21.265882032425893,21.315882032425893,5743905
2009/10/23,21.467271713755,21.467271713755,21.367271713755,21.417271713755,5463458
2009/10/24,21.506790641031124,21.506790641031124,21.406790641031122,21.456790641031123,4397733
2009/10/25,21.506790641031124,21.506790641031124,21.406790641031122,21.456790641031123,4397733
2009/10/26,21.506790641031124,21.506790641031124,21.406790641031122,21.456790641031123,4397733
2009/10/27,21.564815433927922,21.564815433927922,21.46481543392792,21.51481543392792,2883733
2009/10/28,21.714260457797693,21.714260457797693,21.61426045779769,21.664260457797692,1297186
2009/10/29,21.527880594913494,21.527880594913494,21.427880594913493,21.477880594913493,2719186
2009/10/30,21.476296709914145,21.476296709914145,21.376296709914143,21.426296709914144,3090949
2009/10/31,20.88592135700342,20.88592135700342,20.785921357003417,20.835921357003418,6175846
2009/11/01,20.88592135700342,20.88592135700342,20.785921357003417,20.835921357003418,6175846
2009/11/02,20.88592135700342,20.88592135700342,20.785921357003417,20.835921357003418,6175846
2009/11/03,20.743692932005228,20.743692932005228,20.643692932005226,20.693692932005227,5068663
2009/11/04,20.67235728745387,20.67235728745387,20.57235728745387,20.62235728745387,6505803
2009/11/05,20.67538160109334,20.67538160109334,20.575381601093337,20.625381601093338,6050795
2009/11/06,20.5847597206208,20.5847597206208,20.484759720620797,20.534759720620798,6191795
2009/11/07,20.57436430524357,20.57436430524357,20.47436430524357,20.52436430524357,5287001
2009/11/08,20.57436430524357,20.57436430524357,20.47436430524357,20.52436430524357,5287001
2009/11/09,20.57436430524357,20.57436430524357,20.47436430524357,20.52436430524357,5287001
2009/11/10,20.546345768703375,20.546345768703375,20.446345768703374,20.496345768703375,4549001
2009/11/11,20.44915891434768,20.44915891434768,20.34915891434768,20.39915891434768,3765799
2009/11/12,20.22774501333023,20.22774501333023,20.12774501333023,20.17774501333023,2365799
2009/11/13,20.024407088714185,20.024407088714185,19.924407088714183,19.974407088714184,794931
2009/11/14,20.168690948047356,20.168690948047356,20.068690948047355,20.118690948047355,2802300
2009/11/15,20.168690948047356,20.168690948047356,20.068690948047355,20.118690948047355,2802300
2009/11/16,20.168690948047356,20.168690948047356,20.068690948047355,20.118690948047355,2802300
2009/11/17,20.201177752154198,20.201177752154198,20.101177752154197,20.151177752154197,3327830
2009/11/18,20.333950792867803,20.333950792867803,20.2339507928678,20.283950792867802,7691625
2009/11/19,20.356080692808042,20.356080692808042,20.25608069280804,20.30608069280804,7055126
2009/11/20,20.468318383396582,20.468318383396582,20.36831838339658,20.41831838339658,7798318
2009/11/21,20.521803070126413,20.521803070126413,20.421803070126412,20.471803070126413,8193781
2009/11/22,20.521803070126413,20.521803070126413,20.421803070126412,20.471803070126413,8193781
2009/11/23,20.521803070126413,20.521803070126413,20.421803070126412,20.471803070126413,8193781
2009/11/24,20.532273749408837,20.532273749408837,20.432273749408836,20.482273749408836,8293781
2009/11/25,20.599960811285044,20.599960811285044,20.499960811285042,20.549960811285043,9817401
2009/11/26,20.609321383055942,20.609321383055942,20.50932138305594,20.55932138305594,10685594
2009/11/27,20.653332883387918,20.653332883387918,20.553332883387917,20.603332883387917,11754080
2009/11/28,20.553250958813493,20.553250958813493,20.45325095881349,20.503250958813492,13940060
2009/11/29,20.553250958813493,20.553250958813493,20.45325095881349,20.503250958813492,13940060
2009/11/30,20.553250958813493,20.553250958813493,20.45325095881349,20.503250958813492,13940060
2009/12/01,20.59124385960335,20.59124385960335,20.491243859603347,20.541243859603348,15352167
2009/12/02,20.599982664625763,20.599982664625763,20.49998266462576,20.549982664625762,15245859
2009/12/03,20.501301267190485,20.501301267190485,20.401301267190483,20.451301267190484,17950395
2009/12/04,20.430290855530828,20.430290855530828,20.330290855530826,20.380290855530827,19504467
2009/12/05,20.453326412163943,20.453326412163943,20.35332641216394,20.403326412163942,22616566
2009/12/06,20.453326412163943,20.453326412163943,20.35332641216394,20.403326412163942,22616566
2009/12/07,20.453326412163943,20.453326412163943,20.35332641216394,20.403326412163942,22616566
2009/12/08,20.435608315977266,20.435608315977266,20.335608315977264,20.385608315977265,22702141
2009/12/09,20.39046893215844,20.39046893215844,20.29046893215844,20.34046893215844,23602163
2009/12/10,20.36250049869371,20.36250049869371,20.262500498693708,20.31250049869371,25836425
2009/12/11,20.321285844962475,20.321285844962475,20.221285844962473,20.271285844962474,27845929
2009/12/12,20.304084075340786,20.304084075340786,20.204084075340784,20.254084075340785,26984334
2009/12/13,20.304084075340786,20.304084075340786,20.204084075340784,20.254084075340785,26984334
2009/12/14,20.304084075340786,20.304084075340786,20.204084075340784,20.254084075340785,26984334
2009/12/15,20.30414158992124,20.30414158992124,20.20414158992124,20.25414158992124,27578334
2009/12/16,20.282285439568053,20.282285439568053,20.18228543956805,20.232285439568052,28027794
2009/12/17,20.29054488671336,20.29054488671336,20.190544886713358,20.24054488671336,30623794
2009/12/18,20.280077063577984,20.280077063577984,20.180077063577983,20.230077063577983,31129717
2009/12/19,20.244799643698233,20.244799643698233,20.14479964369823,20.194799643698232,31997717
2009/12/20,20.244799643698233,20.244799643698233,20.14479964369823,20.194799643698232,31997717
2009/12/21,20.244799643698233,20.244799643698233,20.14479964369823,20.194799643698232,31997717
2009/12/22,20.23033891716863,20.23033891716863,20.13033891716863,20.18033891716863,32178439
2009/12/23,20.215248175373237,20.215248175373237,20.115248175373235,20.165248175373236,31636439
2009/12/24,20.19608046277728,20.19608046277728,20.09608046277728,20.14608046277728,31085084
2009/12/25,20.227087789968923,20.227087789968923,20.127087789968922,20.177087789968922,31149676
2009/12/26,20.257474287736503,20.257474287736503,20.157474287736502,20.207474287736503,31736676
2009/12/27,20.257474287736503,20.257474287736503,20.157474287736502,20.207474287736503,31736676
2009/12/28,20.257474287736503,20.257474287736503,20.157474287736502,20.207474287736503,31736676
2009/12/29,20.2478590067638,20.2478590067638,20.1478590067638,20.1978590067638,30732676
2009/12/30,20.26466710235945,20.26466710235945,20.16466710235945,20.21466710235945,31167676
2009/12/31,20.267447500574235,20.267447500574235,20.167447500574234,20.217447500574234,30653971
2010/01/01,20.18003647315994,20.18003647315994,20.08003647315994,20.13003647315994,27827371
2010/01/02,20.18003647315994,20.18003647315994,20.08003647315994,20.13003647315994,27827371
2010/01/03,20.18003647315994,20.18003647315994,20.08003647315994,20.13003647315994,27827371
2010/01/04,20.18003647315994,20.18003647315994,20.08003647315994,20.13003647315994,27827371
2010/01/05,20.169265034292103,20.169265034292103,20.0692650342921,20.119265034292102,27260392
2010/01/06,20.205790943183445,20.205790943183445,20.105790943183443,20.155790943183444,28443648
2010/01/07,20.210960031734402,20.210960031734402,20.1109600317344,20.1609600317344,28639648
2010/01/08,20.30346985265086,20.30346985265086,20.20346985265086,20.25346985265086,31620390
2010/01/09,20.291078865178697,20.291078865178697,20.191078865178696,20.241078865178697,30310300
2010/01/10,20.291078865178697,20.291078865178697,20.191078865178696,20.241078865178697,30310300
2010/01/11,20.291078865178697,20.291078865178697,20.191078865178696,20.241078865178697,30310300
2010/01/12,20.28105912242887,20.28105912242887,20.18105912242887,20.23105912242887,30130300
2010/01/13,20.350634648386777,20.350634648386777,20.250634648386775,20.300634648386776,32438300
2010/01/14,20.383410570621635,20.383410570621635,20.283410570621633,20.333410570621634,34643300
2010/01/15,20.386253156371897,20.386253156371897,20.286253156371895,20.336253156371896,34698890
2010/01/16,20.37251119027722,20.37251119027722,20.272511190277218,20.32251119027722,33037851
2010/01/17,20.37251119027722,20.37251119027722,20.272511190277218,20.32251119027722,33037851
2010/01/18,20.37251119027722,20.37251119027722,20.272511190277218,20.32251119027722,33037851
2010/01/19,20.454061598300854,20.454061598300854,20.354061598300852,20.404061598300853,34356852
2010/01/20,20.50307147201606,20.50307147201606,20.40307147201606,20.45307147201606,35685974
2010/01/21,20.5291858975394,20.5291858975394,20.429185897539398,20.4791858975394,36195974
2010/01/22,20.50476704243852,20.50476704243852,20.404767042438518,20.45476704243852,34026134
2010/01/23,20.495704602105263,20.495704602105263,20.395704602105262,20.445704602105263,33863134
2010/01/24,20.495704602105263,20.495704602105263,20.395704602105262,20.445704602105263,33863134
2010/01/25,20.495704602105263,20.495704602105263,20.395704602105262,20.445704602105263,33863134
2010/01/26,20.48632710886053,20.48632710886053,20.386327108860527,20.436327108860528,33775042
2010/01/27,20.476976622050632,20.476976622050632,20.37697662205063,20.42697662205063,34438042
2010/01/28,20.44578823802063,20.44578823802063,20.345788238020628,20.39578823802063,31792962
2010/01/29,20.43965396631278,20.43965396631278,20.339653966312778,20.38965396631278,32467962
2010/01/30,20.406404782166344,20.406404782166344,20.306404782166343,20.356404782166344,30932226
2010/01/31,20.406404782166344,20.406404782166344,20.306404782166343,20.356404782166344,30932226
2010/02/01,20.406404782166344,20.406404782166344,20.306404782166343,20.356404782166344,30932226
2010/02/02,20.397619607289958,20.397619607289958,20.297619607289956,20.347619607289957,32586686
2010/02/03,20.392213305367164,20.392213305367164,20.292213305367163,20.342213305367164,34115444
2010/02/04,20.380542384402272,20.380542384402272,20.28054238440227,20.33054238440227,33878702
2010/02/05,20.367688399533503,20.367688399533503,20.2676883995335,20.317688399533502,33866702
2010/02/06,20.33304797989976,20.33304797989976,20.23304797989976,20.28304797989976,33737044
2010/02/07,20.33304797989976,20.33304797989976,20.23304797989976,20.28304797989976,33737044
2010/02/08,20.33304797989976,20.33304797989976,20.23304797989976,20.28304797989976,33737044
2010/02/09,20.272785344338207,20.272785344338207,20.172785344338205,20.222785344338206,34233231
2010/02/10,20.27122817896589,20.27122817896589,20.17122817896589,20.22122817896589,34715231
2010/02/11,20.261337188357896,20.261337188357896,20.161337188357894,20.211337188357895,35967952
2010/02/12,20.261337188357896,20.261337188357896,20.161337188357894,20.211337188357895,35967952
2010/02/13,20.261337188357896,20.261337188357896,20.161337188357894,20.211337188357895,35967952
2010/02/14,20.261337188357896,20.261337188357896,20.161337188357894,20.211337188357895,35967952
2010/02/15,20.261337188357896,20.261337188357896,20.161337188357894,20.211337188357895,35967952
2010/02/16,20.261337188357896,20.261337188357896,20.161337188357894,20.211337188357895,35967952
2010/02/17,20.261337188357896,20.261337188357896,20.161337188357894,20.211337188357895,35967952
2010/02/18,20.261337188357896,20.261337188357896,20.161337188357894,20.211337188357895,35967952
2010/02/19,20.261337188357896,20.261337188357896,20.161337188357894,20.211337188357895,35967952
2010/02/20,20.261337188357896,20.261337188357896,20.161337188357894,20.211337188357895,35967952
2010/02/21,20.261337188357896,20.261337188357896,20.161337188357894,20.211337188357895,35967952
2010/02/22,20.261337188357896,20.261337188357896,20.161337188357894,20.211337188357895,35967952
2010/02/23,20.246541171775384,20.246541171775384,20.146541171775382,20.196541171775383,34454424
2010/02/24,20.25211874981548,20.25211874981548,20.15211874981548,20.20211874981548,34153424
2010/02/25,20.24967995596349,20.24967995596349,20.14967995596349,20.19967995596349,33859424
2010/02/26,20.242495346444624,20.242495346444624,20.142495346444623,20.192495346444623,34278184
2010/02/27,20.250482469233464,20.250482469233464,20.150482469233463,20.200482469233464,34622299
2010/02/28,20.250482469233464,20.250482469233464,20.150482469233463,20.200482469233464,34622299
2010/03/01,20.250482469233464,20.250482469233464,20.150482469233463,20.200482469233464,34622299
2010/03/02,20.243817464905465,20.243817464905465,20.143817464905464,20.193817464905464,37000233
2010/03/03,20.208481345163207,20.208481345163207,20.108481345163206,20.158481345163207,34177424
2010/03/04,20.216256236603446,20.216256236603446,20.116256236603444,20.166256236603445,34724669
2010/03/05,20.215399092524336,20.215399092524336,20.115399092524335,20.165399092524336,35383669
2010/03/06,20.208647764249452,20.208647764249452,20.10864776424945,20.15864776424945,34177669
2010/03/07,20.208647764249452,20.208647764249452,20.10864776424945,20.15864776424945,34177669
2010/03/08,20.208647764249452,20.208647764249452,20.10864776424945,20.15864776424945,34177669
2010/03/09,20.202932632784908,20.202932632784908,20.102932632784906,20.152932632784907,32966116
2010/03/10,20.20270356676937,20.20270356676937,20.102703566769367,20.152703566769368,31858773
2010/03/11,20.21028658109734,20.21028658109734,20.110286581097338,20.16028658109734,32155308
2010/03/12,20.2066945352334,20.2066945352334,20.106694535233398,20.1566945352334,31665155
2010/03/13,20.203263740863505,20.203263740863505,20.103263740863504,20.153263740863505,30659672
2010/03/14,20.203263740863505,20.203263740863505,20.103263740863504,20.153263740863505,30659672
2010/03/15,20.203263740863505,20.203263740863505,20.103263740863504,20.153263740863505,30659672
2010/03/16,20.2015550142762,20.2015550142762,20.101555014276197,20.151555014276198,30714672
2010/03/17,20.198637740999835,20.198637740999835,20.098637740999834,20.148637740999835,26696775
2010/03/18,20.19866470809322,20.19866470809322,20.098664708093217,20.148664708093218,24630958
2010/03/19,20.1971730219822,20.1971730219822,20.097173021982197,20.147173021982198,22934958
2010/03/20,20.203334040498163,20.203334040498163,20.10333404049816,20.153334040498162,24076966
2010/03/21,20.203334040498163,20.203334040498163,20.10333404049816,20.153334040498162,24076966
2010/03/22,20.203334040498163,20.203334040498163,20.10333404049816,20.153334040498162,24076966
2010/03/23,20.20239141581079,20.20239141581079,20.10239141581079,20.15239141581079,23879396
2010/03/24,20.20440203973003,20.20440203973003,20.10440203973003,20.15440203973003,25021396
2010/03/25,20.204709602990373,20.204709602990373,20.104709602990372,20.154709602990373,25294396
2010/03/26,20.19238205305878,20.19238205305878,20.092382053058778,20.14238205305878,26577284
2010/03/27,20.19218111344344,20.19218111344344,20.092181113443438,20.14218111344344,26591284
2010/03/28,20.19218111344344,20.19218111344344,20.092181113443438,20.14218111344344,26591284
2010/03/29,20.19218111344344,20.19218111344344,20.092181113443438,20.14218111344344,26591284
2010/03/30,20.193614049345886,20.193614049345886,20.093614049345884,20.143614049345885,26379152
2010/03/31,20.191065411264866,20.191065411264866,20.091065411264864,20.141065411264865,23684783
2010/04/01,20.189378501271673,20.189378501271673,20.08937850127167,20.139378501271672,22581269
2010/04/02,20.19411814041444,20.19411814041444,20.094118140414437,20.144118140414438,19382367
2010/04/03,20.187022585715102,20.187022585715102,20.0870225857151,20.1370225857151,20229068
2010/04/04,20.187022585715102,20.187022585715102,20.0870225857151,20.1370225857151,20229068
2010/04/05,20.187022585715102,20.187022585715102,20.0870225857151,20.1370225857151,20229068
2010/04/06,20.187022585715102,20.187022585715102,20.0870225857151,20.1370225857151,20229068
2010/04/07,20.18801822005728,20.18801822005728,20.08801822005728,20.13801822005728,19878876
2010/04/08,20.188348542346258,20.188348542346258,20.088348542346257,20.138348542346257,19710346
2010/04/09,20.18831625232708,20.18831625232708,20.08831625232708,20.13831625232708,19187345
2010/04/10,20.188348532897905,20.188348532897905,20.088348532897903,20.138348532897904,18391765
2010/04/11,20.188348532897905,20.188348532897905,20.088348532897903,20.138348532897904,18391765
2010/04/12,20.188348532897905,20.188348532897905,20.088348532897903,20.138348532897904,18391765
2010/04/13,20.188489618633263,20.188489618633263,20.08848961863326,20.138489618633262,17937802
2010/04/14,20.18971908478835,20.18971908478835,20.08971908478835,20.13971908478835,18032916
2010/04/15,20.206493649262143,20.206493649262143,20.10649364926214,20.156493649262142,15550306
2010/04/16,20.209343916610578,20.209343916610578,20.109343916610577,20.159343916610577,14441247
2010/04/17,20.206255527389384,20.206255527389384,20.106255527389383,20.156255527389384,14203725
2010/04/18,20.206255527389384,20.206255527389384,20.106255527389383,20.156255527389384,14203725
2010/04/19,20.206255527389384,20.206255527389384,20.106255527389383,20.156255527389384,14203725
2010/04/20,20.154403593701034,20.154403593701034,20.054403593701032,20.104403593701033,14359725
2010/04/21,20.15387437034858,20.15387437034858,20.053874370348577,20.103874370348578,12701653
2010/04/22,20.156301220890274,20.156301220890274,20.056301220890273,20.106301220890273,9811589
2010/04/23,20.156955685314,20.156955685314,20.056955685313998,20.106955685314,9597964
2010/04/24,20.151611247470715,20.151611247470715,20.051611247470714,20.101611247470714,8490637
2010/04/25,20.151611247470715,20.151611247470715,20.051611247470714,20.101611247470714,8490637
2010/04/26,20.151611247470715,20.151611247470715,20.051611247470714,20.101611247470714,8490637
2010/04/27,20.100461541046467,20.100461541046467,20.000461541046466,20.050461541046467,3214375
2010/04/28,20.033841732588403,20.033841732588403,19.9338417325884,19.983841732588402,447871
2010/04/29,19.948971498812227,19.948971498812227,19.848971498812226,19.898971498812227,2155021
2010/04/30,19.97598584733568,19.97598584733568,19.875985847335677,19.925985847335678,4311719
2010/05/01,19.882302720564194,19.882302720564194,19.782302720564193,19.832302720564194,3425230
2010/05/02,19.882302720564194,19.882302720564194,19.782302720564193,19.832302720564194,3425230
2010/05/03,19.882302720564194,19.882302720564194,19.782302720564193,19.832302720564194,3425230
2010/05/04,19.732331041334568,19.732331041334568,19.632331041334567,19.682331041334567,2392230
2010/05/05,19.56948211103579,19.56948211103579,19.469482111035788,19.51948211103579,3225307
2010/05/06,18.674487181915605,18.674487181915605,18.574487181915604,18.624487181915605,5305772
2010/05/07,18.631378048140846,18.631378048140846,18.531378048140844,18.581378048140845,6237330
2010/05/08,18.168387919118626,18.168387919118626,18.068387919118624,18.118387919118625,7433271
2010/05/09,18.168387919118626,18.168387919118626,18.068387919118624,18.118387919118625,7433271
2010/05/10,18.168387919118626,18.168387919118626,18.068387919118624,18.118387919118625,7433271
2010/05/11,18.16128165198535,18.16128165198535,18.06128165198535,18.11128165198535,7720342
2010/05/12,18.46697255182804,18.46697255182804,18.366972551828038,18.41697255182804,9571342
2010/05/13,18.437463701557014,18.437463701557014,18.337463701557013,18.387463701557014,10642794
2010/05/14,18.590847347915282,18.590847347915282,18.49084734791528,18.54084734791528,10567794
2010/05/15,18.52730614139865,18.52730614139865,18.42730614139865,18.47730614139865,12049794
2010/05/16,18.52730614139865,18.52730614139865,18.42730614139865,18.47730614139865,12049794
2010/05/17,18.52730614139865,18.52730614139865,18.42730614139865,18.47730614139865,12049794
2010/05/18,18.59786880689077,18.59786880689077,18.497868806890768,18.54786880689077,12346210
2010/05/19,18.62390541424643,18.62390541424643,18.52390541424643,18.57390541424643,12068210
2010/05/20,18.64048947432059,18.64048947432059,18.540489474320587,18.590489474320588,12460210
2010/05/21,18.5018456942757,18.5018456942757,18.4018456942757,18.4518456942757,11800658
2010/05/22,18.363783920868705,18.363783920868705,18.263783920868704,18.313783920868705,12387168
2010/05/23,18.363783920868705,18.363783920868705,18.263783920868704,18.313783920868705,12387168
2010/05/24,18.363783920868705,18.363783920868705,18.263783920868704,18.313783920868705,12387168
2010/05/25,18.333476781297488,18.333476781297488,18.233476781297487,18.283476781297487,12285501
2010/05/26,18.32543553198002,18.32543553198002,18.22543553198002,18.27543553198002,14350893
2010/05/27,18.180142328141198,18.180142328141198,18.080142328141196,18.130142328141197,15474593
2010/05/28,17.931360152600913,17.931360152600913,17.83136015260091,17.881360152600912,15206211
2010/05/29,17.718634650556556,17.718634650556556,17.618634650556555,17.668634650556555,12805211
2010/05/30,17.718634650556556,17.718634650556556,17.618634650556555,17.668634650556555,12805211
2010/05/31,17.718634650556556,17.718634650556556,17.618634650556555,17.668634650556555,12805211
2010/06/01,17.690705048736604,17.690705048736604,17.590705048736602,17.640705048736603,10449801
2010/06/02,17.89590848139408,17.89590848139408,17.79590848139408,17.84590848139408,12953801
2010/06/03,17.70501010819245,17.70501010819245,17.60501010819245,17.65501010819245,11369800
2010/06/04,17.675519341992167,17.675519341992167,17.575519341992166,17.625519341992167,10496939
2010/06/05,17.58684225997046,17.58684225997046,17.48684225997046,17.53684225997046,10324939
2010/06/06,17.58684225997046,17.58684225997046,17.48684225997046,17.53684225997046,10324939
2010/06/07,17.58684225997046,17.58684225997046,17.48684225997046,17.53684225997046,10324939
2010/06/08,17.674516222981083,17.674516222981083,17.57451622298108,17.624516222981082,11517939
2010/06/09,17.63629713729954,17.63629713729954,17.536297137299538,17.58629713729954,10878939
2010/06/10,17.521975082546096,17.521975082546096,17.421975082546094,17.471975082546095,10801639
2010/06/11,17.40113423338049,17.40113423338049,17.301134233380488,17.35113423338049,9529639
2010/06/12,17.46136609465411,17.46136609465411,17.36136609465411,17.41136609465411,10219599
2010/06/13,17.46136609465411,17.46136609465411,17.36136609465411,17.41136609465411,10219599
2010/06/14,17.46136609465411,17.46136609465411,17.36136609465411,17.41136609465411,10219599
2010/06/15,17.273939736350485,17.273939736350485,17.173939736350484,17.223939736350484,8719479
2010/06/16,17.533440569629324,17.533440569629324,17.433440569629322,17.483440569629323,5034362
2010/06/17,17.533440569629324,17.533440569629324,17.433440569629322,17.483440569629323,5034362
2010/06/18,17.474011936761926,17.474011936761926,17.374011936761924,17.424011936761925,3196973
2010/06/19,17.374075816960165,17.374075816960165,17.274075816960163,17.324075816960164,2344024
2010/06/20,17.374075816960165,17.374075816960165,17.274075816960163,17.324075816960164,2344024
2010/06/21,17.374075816960165,17.374075816960165,17.274075816960163,17.324075816960164,2344024
2010/06/22,17.48099733877911,17.48099733877911,17.38099733877911,17.43099733877911,444200
2010/06/23,18.347705497360938,18.44770549736094,18.347705497360938,18.39770549736094,161017
2010/06/24,19.28186394738933,19.38186394738933,19.28186394738933,19.33186394738933,851522
2010/06/25,18.350590097711315,18.450590097711316,18.350590097711315,18.400590097711316,460659
2010/06/26,1.4557078620971884,1.4557078620971884,1.4357078620971884,1.4457078620971884,21780
2010/06/27,1.4557078620971884,1.4557078620971884,1.4357078620971884,1.4457078620971884,21780
2010/06/28,1.4557078620971884,1.4557078620971884,1.4357078620971884,1.4457078620971884,21780
2010/06/29,18.240909703250352,18.340909703250354,18.240909703250352,18.290909703250353,454220
2010/06/30,18.221178798138745,18.321178798138746,18.221178798138745,18.271178798138745,23220
2010/07/01,16.828817220129885,16.828817220129885,16.728817220129883,16.778817220129884,1782780
2010/07/02,16.90673381430282,16.90673381430282,16.80673381430282,16.85673381430282,3169603
2010/07/03,17.074647622148742,17.074647622148742,16.97464762214874,17.02464762214874,2845375
2010/07/04,17.074647622148742,17.074647622148742,16.97464762214874,17.02464762214874,2845375
2010/07/05,17.074647622148742,17.074647622148742,16.97464762214874,17.02464762214874,2845375
2010/07/06,16.890633177305396,16.890633177305396,16.790633177305395,16.840633177305396,3100176
2010/07/07,16.723276548156925,16.723276548156925,16.623276548156923,16.673276548156924,1717242
2010/07/08,17.030044013902376,17.030044013902376,16.930044013902375,16.980044013902376,2570803
2010/07/09,17.193485830113094,17.193485830113094,17.093485830113092,17.143485830113093,3623399
2010/07/10,17.102531141433087,17.102531141433087,17.002531141433085,17.052531141433086,3669377
2010/07/11,17.102531141433087,17.102531141433087,17.002531141433085,17.052531141433086,3669377
2010/07/12,17.102531141433087,17.102531141433087,17.002531141433085,17.052531141433086,3669377
2010/07/13,17.230380191504047,17.230380191504047,17.130380191504045,17.180380191504046,5140152
2010/07/14,17.31099969430896,17.31099969430896,17.21099969430896,17.26099969430896,4994152
2010/07/15,17.44079134480348,17.44079134480348,17.340791344803478,17.39079134480348,4614030
2010/07/16,17.4813365841404,17.4813365841404,17.3813365841404,17.4313365841404,5604495
2010/07/17,17.486746598215205,17.486746598215205,17.386746598215204,17.436746598215205,7102047
2010/07/18,17.486746598215205,17.486746598215205,17.386746598215204,17.436746598215205,7102047
2010/07/19,17.486746598215205,17.486746598215205,17.386746598215204,17.436746598215205,7102047
2010/07/20,17.488761606569906,17.488761606569906,17.388761606569904,17.438761606569905,7365530
2010/07/21,17.489244243437998,17.489244243437998,17.389244243437997,17.439244243437997,7385530
2010/07/22,17.49742979843871,17.49742979843871,17.397429798438708,17.44742979843871,9627530
2010/07/23,17.478636511666725,17.478636511666725,17.378636511666723,17.428636511666724,12872792
2010/07/24,17.500595454553597,17.500595454553597,17.400595454553596,17.450595454553596,13817792
2010/07/25,17.500595454553597,17.500595454553597,17.400595454553596,17.450595454553596,13817792
2010/07/26,17.500595454553597,17.500595454553597,17.400595454553596,17.450595454553596,13817792
2010/07/27,17.480795353385442,17.480795353385442,17.38079535338544,17.43079535338544,11622812
2010/07/28,17.474897615217333,17.474897615217333,17.374897615217332,17.424897615217333,11283221
2010/07/29,17.469346475537577,17.469346475537577,17.369346475537576,17.419346475537576,10473221
2010/07/30,17.473702001794372,17.473702001794372,17.37370200179437,17.42370200179437,9881180
2010/07/31,17.53421221332457,17.53421221332457,17.434212213324567,17.484212213324568,9435365
2010/08/01,17.53421221332457,17.53421221332457,17.434212213324567,17.484212213324568,9435365
2010/08/02,17.53421221332457,17.53421221332457,17.434212213324567,17.484212213324568,9435365
2010/08/03,17.49027635714615,17.49027635714615,17.39027635714615,17.44027635714615,8954365
2010/08/04,17.50588251992723,17.50588251992723,17.40588251992723,17.45588251992723,9526365
2010/08/05,17.595273182507416,17.595273182507416,17.495273182507415,17.545273182507415,11446844
2010/08/06,17.61153861484436,17.61153861484436,17.51153861484436,17.56153861484436,13459499
2010/08/07,17.629225552700433,17.629225552700433,17.52922555270043,17.579225552700432,13548644
2010/08/08,17.629225552700433,17.629225552700433,17.52922555270043,17.579225552700432,13548644
2010/08/09,17.629225552700433,17.629225552700433,17.52922555270043,17.579225552700432,13548644
2010/08/10,17.631901551770504,17.631901551770504,17.531901551770503,17.581901551770503,13091644
2010/08/11,17.65165391954949,17.65165391954949,17.551653919549487,17.601653919549488,14332644
2010/08/12,17.602541339802254,17.602541339802254,17.502541339802253,17.552541339802254,16849696
2010/08/13,17.54462665922015,17.54462665922015,17.444626659220148,17.49462665922015,19192106
2010/08/14,17.557953401255602,17.557953401255602,17.4579534012556,17.5079534012556,19577572
2010/08/15,17.557953401255602,17.557953401255602,17.4579534012556,17.5079534012556,19577572
2010/08/16,17.557953401255602,17.557953401255602,17.4579534012556,17.5079534012556,19577572
2010/08/17,17.561492097444013,17.561492097444013,17.46149209744401,17.511492097444012,19635342
2010/08/18,17.5563637092305,17.5563637092305,17.456363709230498,17.5063637092305,19676342
2010/08/19,17.585378200715486,17.585378200715486,17.485378200715484,17.535378200715485,20240952
2010/08/20,17.566712878836974,17.566712878836974,17.466712878836972,17.516712878836973,23114391
2010/08/21,17.5567985495183,17.5567985495183,17.4567985495183,17.5067985495183,24211528
2010/08/22,17.5567985495183,17.5567985495183,17.4567985495183,17.5067985495183,24211528
2010/08/23,17.5567985495183,17.5567985495183,17.4567985495183,17.5067985495183,24211528
2010/08/24,17.466961473022973,17.466961473022973,17.36696147302297,17.416961473022972,21571528
2010/08/25,17.473934397752153,17.473934397752153,17.37393439775215,17.423934397752152,21307528
2010/08/26,17.444810948813274,17.444810948813274,17.344810948813272,17.394810948813273,24480493
2010/08/27,17.393388305569484,17.393388305569484,17.293388305569483,17.343388305569484,25215543
2010/08/28,17.360126520977577,17.360126520977577,17.260126520977575,17.310126520977576,25269329
2010/08/29,17.360126520977577,17.360126520977577,17.260126520977575,17.310126520977576,25269329
2010/08/30,17.360126520977577,17.360126520977577,17.260126520977575,17.310126520977576,25269329
2010/08/31,17.456177842287573,17.456177842287573,17.356177842287572,17.406177842287573,27584417
2010/09/01,17.45624436927051,17.45624436927051,17.35624436927051,17.40624436927051,28539494
2010/09/02,17.398611802801096,17.398611802801096,17.298611802801094,17.348611802801095,27281344
2010/09/03,17.29893892051479,17.29893892051479,17.198938920514788,17.24893892051479,24582641
2010/09/04,17.304957090985564,17.304957090985564,17.204957090985562,17.254957090985563,24523670
2010/09/05,17.304957090985564,17.304957090985564,17.204957090985562,17.254957090985563,24523670
2010/09/06,17.304957090985564,17.304957090985564,17.204957090985562,17.254957090985563,24523670
2010/09/07,17.287621620617422,17.287621620617422,17.18762162061742,17.23762162061742,23876670
2010/09/08,17.244979262959014,17.244979262959014,17.144979262959012,17.194979262959013,22434041
2010/09/09,17.174727376159844,17.174727376159844,17.074727376159842,17.124727376159843,19154522
2010/09/10,17.147156389107867,17.147156389107867,17.047156389107865,17.097156389107866,17417242
2010/09/11,17.123395145979046,17.123395145979046,17.023395145979045,17.073395145979045,16012919
2010/09/12,17.123395145979046,17.123395145979046,17.023395145979045,17.073395145979045,16012919
2010/09/13,17.123395145979046,17.123395145979046,17.023395145979045,17.073395145979045,16012919
2010/09/14,17.11488242707064,17.11488242707064,17.01488242707064,17.06488242707064,14267015
2010/09/15,17.069934231219825,17.069934231219825,16.969934231219824,17.019934231219825,13071000
2010/09/16,17.05830626154359,17.05830626154359,16.958306261543587,17.008306261543588,11878164
2010/09/17,17.05495560497128,17.05495560497128,16.95495560497128,17.00495560497128,12940164
2010/09/18,17.012182753446258,17.012182753446258,16.912182753446256,16.962182753446257,10426259
2010/09/19,17.012182753446258,17.012182753446258,16.912182753446256,16.962182753446257,10426259
2010/09/20,17.012182753446258,17.012182753446258,16.912182753446256,16.962182753446257,10426259
2010/09/21,17.009003224852716,17.009003224852716,16.909003224852714,16.959003224852715,10609906
2010/09/22,16.98031674061086,16.98031674061086,16.88031674061086,16.93031674061086,11795906
2010/09/23,16.98031674061086,16.98031674061086,16.88031674061086,16.93031674061086,11795906
2010/09/24,16.968554333578506,16.968554333578506,16.868554333578505,16.918554333578506,11025283
2010/09/25,16.96012554383465,16.96012554383465,16.86012554383465,16.91012554383465,10419794
2010/09/26,16.96012554383465,16.96012554383465,16.86012554383465,16.91012554383465,10419794
2010/09/27,16.96012554383465,16.96012554383465,16.86012554383465,16.91012554383465,10419794
2010/09/28,16.937008856549564,16.937008856549564,16.837008856549563,16.887008856549564,9644404
2010/09/29,16.93725000557799,16.93725000557799,16.83725000557799,16.88725000557799,9408194
2010/09/30,16.88641277819321,16.88641277819321,16.78641277819321,16.83641277819321,8802892
2010/10/01,16.8203062611426,16.8203062611426,16.7203062611426,16.7703062611426,7173568
2010/10/02,16.759106451808567,16.759106451808567,16.659106451808565,16.709106451808566,6231080
2010/10/03,16.759106451808567,16.759106451808567,16.659106451808565,16.709106451808566,6231080
2010/10/04,16.759106451808567,16.759106451808567,16.659106451808565,16.709106451808566,6231080
2010/10/05,16.777548011028504,16.777548011028504,16.677548011028502,16.727548011028503,6219400
2010/10/06,16.91875907522961,16.91875907522961,16.818759075229607,16.868759075229608,8321790
2010/10/07,16.84364810736224,16.84364810736224,16.74364810736224,16.79364810736224,6320730
2010/10/08,16.850514601632405,16.850514601632405,16.750514601632403,16.800514601632404,6606890
2010/10/09,16.85962163647453,16.85962163647453,16.759621636474527,16.809621636474528,6953801
2010/10/10,16.85962163647453,16.85962163647453,16.759621636474527,16.809621636474528,6953801
2010/10/11,16.85962163647453,16.85962163647453,16.759621636474527,16.809621636474528,6953801
2010/10/12,16.838993449954756,16.838993449954756,16.738993449954755,16.788993449954756,6424381
2010/10/13,16.778177487677794,16.778177487677794,16.678177487677793,16.728177487677794,7230401
2010/10/14,16.765744726614425,16.765744726614425,16.665744726614424,16.715744726614425,7392091
2010/10/15,16.720116361319338,16.720116361319338,16.620116361319337,16.670116361319337,6736171
2010/10/16,16.76916552407743,16.76916552407743,16.669165524077428,16.71916552407743,7259911
2010/10/17,16.76916552407743,16.76916552407743,16.669165524077428,16.71916552407743,7259911
2010/10/18,16.76916552407743,16.76916552407743,16.669165524077428,16.71916552407743,7259911
2010/10/19,16.69215609354389,16.69215609354389,16.59215609354389,16.64215609354389,7669031
2010/10/20,16.662339178820584,16.662339178820584,16.562339178820583,16.612339178820584,8709151
2010/10/21,16.731381987328156,16.731381987328156,16.631381987328155,16.681381987328155,13176828
2010/10/22,16.733194379195783,16.733194379195783,16.633194379195782,16.683194379195783,13928757
2010/10/23,16.67802353385513,16.67802353385513,16.578023533855127,16.628023533855128,15326029
2010/10/24,16.67802353385513,16.67802353385513,16.578023533855127,16.628023533855128,15326029
2010/10/25,16.67802353385513,16.67802353385513,16.578023533855127,16.628023533855128,15326029
2010/10/26,16.723436360654677,16.723436360654677,16.623436360654676,16.673436360654676,17457716
2010/10/27,16.73205816992523,16.73205816992523,16.63205816992523,16.68205816992523,17366095
2010/10/28,16.72170918165402,16.72170918165402,16.62170918165402,16.67170918165402,17986970
2010/10/29,16.674274642282036,16.674274642282036,16.574274642282035,16.624274642282035,16710128
2010/10/30,16.643981515075197,16.643981515075197,16.543981515075195,16.593981515075196,16558514
2010/10/31,16.643981515075197,16.643981515075197,16.543981515075195,16.593981515075196,16558514
2010/11/01,16.643981515075197,16.643981515075197,16.543981515075195,16.593981515075196,16558514
2010/11/02,16.642356018618887,16.642356018618887,16.542356018618886,16.592356018618887,15828514
2010/11/03,16.641601139811655,16.641601139811655,16.541601139811654,16.591601139811655,15790514
2010/11/04,16.600401395186253,16.600401395186253,16.500401395186252,16.550401395186253,14390514
2010/11/05,16.54367217701054,16.54367217701054,16.443672177010537,16.493672177010538,12717691
2010/11/06,16.515218141880613,16.515218141880613,16.41521814188061,16.465218141880612,15568571
2010/11/07,16.515218141880613,16.515218141880613,16.41521814188061,16.465218141880612,15568571
2010/11/08,16.515218141880613,16.515218141880613,16.41521814188061,16.465218141880612,15568571
2010/11/09,16.476015979062883,16.476015979062883,16.37601597906288,16.426015979062882,17250655
2010/11/10,16.459600332857335,16.459600332857335,16.359600332857333,16.409600332857334,18372655
2010/11/11,16.434696295110392,16.434696295110392,16.33469629511039,16.38469629511039,16518484
2010/11/12,16.346371014555228,16.346371014555228,16.246371014555226,16.296371014555227,17908588
2010/11/13,16.313624808849998,16.313624808849998,16.213624808849996,16.263624808849997,17704324
2010/11/14,16.313624808849998,16.313624808849998,16.213624808849996,16.263624808849997,17704324
2010/11/15,16.313624808849998,16.313624808849998,16.213624808849996,16.263624808849997,17704324
2010/11/16,16.26302041534462,16.26302041534462,16.16302041534462,16.21302041534462,17503327
2010/11/17,16.286548452330525,16.286548452330525,16.186548452330523,16.236548452330524,17629327
2010/11/18,16.35054870997628,16.35054870997628,16.25054870997628,16.30054870997628,19648309
2010/11/19,16.33091639279509,16.33091639279509,16.230916392795088,16.28091639279509,19185869
2010/11/20,16.26766433151925,16.26766433151925,16.167664331519248,16.21766433151925,19156843
2010/11/21,16.26766433151925,16.26766433151925,16.167664331519248,16.21766433151925,19156843
2010/11/22,16.26766433151925,16.26766433151925,16.167664331519248,16.21766433151925,19156843
2010/11/23,16.27315307586991,16.27315307586991,16.17315307586991,16.22315307586991,19542473
2010/11/24,16.269568687023853,16.269568687023853,16.16956868702385,16.219568687023852,22555963
2010/11/25,16.228627166202624,16.228627166202624,16.128627166202623,16.178627166202624,23361211
2010/11/26,16.169909136167455,16.169909136167455,16.069909136167453,16.119909136167454,28505949
2010/11/27,16.140268349273917,16.140268349273917,16.040268349273916,16.090268349273916,33138949
2010/11/28,16.140268349273917,16.140268349273917,16.040268349273916,16.090268349273916,33138949
2010/11/29,16.140268349273917,16.140268349273917,16.040268349273916,16.090268349273916,33138949
2010/11/30,16.156053065175733,16.156053065175733,16.056053065175732,16.106053065175733,36206878
2010/12/01,16.124696537107877,16.124696537107877,16.024696537107875,16.074696537107876,52149750
2010/12/02,16.132857476626178,16.132857476626178,16.032857476626177,16.082857476626177,54027880
2010/12/03,16.15397428881305,16.15397428881305,16.05397428881305,16.10397428881305,58058351
2010/12/04,16.14859653590871,16.14859653590871,16.048596535908707,16.098596535908708,58375270
2010/12/05,16.14859653590871,16.14859653590871,16.048596535908707,16.098596535908708,58375270
2010/12/06,16.14859653590871,16.14859653590871,16.048596535908707,16.098596535908708,58375270
2010/12/07,16.164661688062676,16.164661688062676,16.064661688062674,16.114661688062675,60227770
2010/12/08,16.197209496604508,16.197209496604508,16.097209496604506,16.147209496604507,64315770
2010/12/09,16.177423307929917,16.177423307929917,16.077423307929916,16.127423307929917,62743291
2010/12/10,16.162367011816016,16.162367011816016,16.062367011816015,16.112367011816016,60660620
2010/12/11,16.16991089463758,16.16991089463758,16.06991089463758,16.11991089463758,61538443
2010/12/12,16.16991089463758,16.16991089463758,16.06991089463758,16.11991089463758,61538443
2010/12/13,16.16991089463758,16.16991089463758,16.06991089463758,16.11991089463758,61538443
2010/12/14,16.175041982804405,16.175041982804405,16.075041982804404,16.125041982804404,62098443
2010/12/15,16.17374727544982,16.17374727544982,16.07374727544982,16.12374727544982,61656890
2010/12/16,16.15950949660376,16.15950949660376,16.05950949660376,16.10950949660376,58626368
2010/12/17,16.151541523482784,16.151541523482784,16.051541523482783,16.101541523482783,56964959
2010/12/18,16.15400610670675,16.15400610670675,16.054006106706748,16.10400610670675,57355073
2010/12/19,16.15400610670675,16.15400610670675,16.054006106706748,16.10400610670675,57355073
2010/12/20,16.15400610670675,16.15400610670675,16.054006106706748,16.10400610670675,57355073
2010/12/21,16.157035277841878,16.157035277841878,16.057035277841877,16.107035277841877,57574073
2010/12/22,16.156572102154076,16.156572102154076,16.056572102154075,16.106572102154075,57409073
2010/12/23,16.15683335024424,16.15683335024424,16.05683335024424,16.10683335024424,56833574
2010/12/24,16.149712724925404,16.149712724925404,16.049712724925403,16.099712724925404,54680087
2010/12/25,16.151357142392104,16.151357142392104,16.051357142392103,16.101357142392104,54176780
2010/12/26,16.151357142392104,16.151357142392104,16.051357142392103,16.101357142392104,54176780
2010/12/27,16.151357142392104,16.151357142392104,16.051357142392103,16.101357142392104,54176780
2010/12/28,16.151411405808652,16.151411405808652,16.05141140580865,16.10141140580865,54184780
2010/12/29,16.152334975312368,16.152334975312368,16.052334975312366,16.102334975312367,54359238
2010/12/30,16.15523878619342,16.15523878619342,16.055238786193417,16.105238786193418,52804238
2010/12/31,16.16404193273504,16.16404193273504,16.064041932735037,16.114041932735038,52118339
2011/01/01,16.19176586581301,16.19176586581301,16.09176586581301,16.14176586581301,52926496
2011/01/02,16.19176586581301,16.19176586581301,16.09176586581301,16.14176586581301,52926496
2011/01/03,16.19176586581301,16.19176586581301,16.09176586581301,16.14176586581301,52926496
2011/01/04,16.191703764752617,16.191703764752617,16.091703764752616,16.141703764752616,52867408
2011/01/05,16.219263445426378,16.219263445426378,16.119263445426377,16.169263445426378,53257331
2011/01/06,16.263419096930917,16.263419096930917,16.163419096930916,16.213419096930917,54558331
2011/01/07,16.302097306696613,16.302097306696613,16.20209730669661,16.252097306696612,55924648
2011/01/08,16.35135650453138,16.35135650453138,16.25135650453138,16.30135650453138,57707188
2011/01/09,16.35135650453138,16.35135650453138,16.25135650453138,16.30135650453138,57707188
2011/01/10,16.35135650453138,16.35135650453138,16.25135650453138,16.30135650453138,57707188
2011/01/11,16.369633489872374,16.369633489872374,16.269633489872373,16.319633489872373,58605973
2011/01/12,16.394932220868142,16.394932220868142,16.29493222086814,16.34493222086814,59845602
2011/01/13,16.449812798968125,16.449812798968125,16.349812798968124,16.399812798968124,62383656
2011/01/14,16.492592651138892,16.492592651138892,16.39259265113889,16.44259265113889,64994680
2011/01/15,16.49087623061616,16.49087623061616,16.390876230616158,16.44087623061616,65114062
2011/01/16,16.49087623061616,16.49087623061616,16.390876230616158,16.44087623061616,65114062
2011/01/17,16.49087623061616,16.49087623061616,16.390876230616158,16.44087623061616,65114062
2011/01/18,16.482342349562305,16.482342349562305,16.382342349562304,16.432342349562305,66324296
2011/01/19,16.479092292728016,16.479092292728016,16.379092292728014,16.429092292728015,66134223
2011/01/20,16.47829237264455,16.47829237264455,16.378292372644548,16.42829237264455,65064607
2011/01/21,16.47881034688544,16.47881034688544,16.378810346885437,16.428810346885438,64769607
2011/01/22,16.48399603392288,16.48399603392288,16.38399603392288,16.43399603392288,65929310
2011/01/23,16.48399603392288,16.48399603392288,16.38399603392288,16.43399603392288,65929310
2011/01/24,16.48399603392288,16.48399603392288,16.38399603392288,16.43399603392288,65929310
2011/01/25,16.491643057436267,16.491643057436267,16.391643057436266,16.441643057436266,66583721
2011/01/26,16.49502290072749,16.49502290072749,16.39502290072749,16.44502290072749,65812721
2011/01/27,16.491513324204007,16.491513324204007,16.391513324204006,16.441513324204006,66356344
2011/01/28,16.527129681117422,16.527129681117422,16.42712968111742,16.47712968111742,68198912
2011/01/29,16.530735114582743,16.530735114582743,16.430735114582742,16.480735114582743,68351792
2011/01/30,16.530735114582743,16.530735114582743,16.430735114582742,16.480735114582743,68351792
2011/01/31,16.530735114582743,16.530735114582743,16.430735114582742,16.480735114582743,68351792
2011/02/01,16.530735114582743,16.530735114582743,16.430735114582742,16.480735114582743,68351792
2011/02/02,16.530735114582743,16.530735114582743,16.430735114582742,16.480735114582743,68351792
2011/02/03,16.530735114582743,16.530735114582743,16.430735114582742,16.480735114582743,68351792
2011/02/04,16.530735114582743,16.530735114582743,16.430735114582742,16.480735114582743,68351792
2011/02/05,16.530735114582743,16.530735114582743,16.430735114582742,16.480735114582743,68351792
2011/02/06,16.530735114582743,16.530735114582743,16.430735114582742,16.480735114582743,68351792
2011/02/07,16.530735114582743,16.530735114582743,16.430735114582742,16.480735114582743,68351792
2011/02/08,16.530735114582743,16.530735114582743,16.430735114582742,16.480735114582743,68351792
2011/02/09,16.542675044009794,16.542675044009794,16.442675044009793,16.492675044009793,69553002
2011/02/10,16.54542537458763,16.54542537458763,16.44542537458763,16.49542537458763,69150002
2011/02/11,16.54502011999848,16.54502011999848,16.44502011999848,16.49502011999848,69805626
2011/02/12,16.545206737473954,16.545206737473954,16.445206737473953,16.495206737473953,71033496
2011/02/13,16.545206737473954,16.545206737473954,16.445206737473953,16.495206737473953,71033496
2011/02/14,16.545206737473954,16.545206737473954,16.445206737473953,16.495206737473953,71033496
2011/02/15,16.54253619070518,16.54253619070518,16.44253619070518,16.49253619070518,71984176
2011/02/16,16.540071762589914,16.540071762589914,16.440071762589913,16.490071762589913,72820751
2011/02/17,16.53748010605311,16.53748010605311,16.43748010605311,16.48748010605311,73920811
2011/02/18,16.536654661171465,16.536654661171465,16.436654661171463,16.486654661171464,74044891
2011/02/19,16.53644237103503,16.53644237103503,16.436442371035028,16.48644237103503,74096381
2011/02/20,16.53644237103503,16.53644237103503,16.436442371035028,16.48644237103503,74096381
2011/02/21,16.53644237103503,16.53644237103503,16.436442371035028,16.48644237103503,74096381
2011/02/22,16.5355258947752,16.5355258947752,16.4355258947752,16.4855258947752,74487801
2011/02/23,16.534712684906772,16.534712684906772,16.43471268490677,16.48471268490677,73990781
2011/02/24,16.534730077432698,16.534730077432698,16.434730077432697,16.484730077432697,73890843
2011/02/25,16.53414294036463,16.53414294036463,16.43414294036463,16.48414294036463,73950763
2011/02/26,16.534125841797906,16.534125841797906,16.434125841797904,16.484125841797905,73888023
2011/02/27,16.534125841797906,16.534125841797906,16.434125841797904,16.484125841797905,73888023
2011/02/28,16.534125841797906,16.534125841797906,16.434125841797904,16.484125841797905,73888023
2011/03/01,16.534125841797906,16.534125841797906,16.434125841797904,16.484125841797905,73888023
2011/03/02,16.53868860962398,16.53868860962398,16.438688609623977,16.488688609623978,73619023
2011/03/03,16.544451517629682,16.544451517629682,16.44445151762968,16.49445151762968,73488023
2011/03/04,16.55336845391923,16.55336845391923,16.45336845391923,16.50336845391923,72386023
2011/03/05,16.555513692866814,16.555513692866814,16.455513692866813,16.505513692866813,72146023
2011/03/06,16.555513692866814,16.555513692866814,16.455513692866813,16.505513692866813,72146023
2011/03/07,16.555513692866814,16.555513692866814,16.455513692866813,16.505513692866813,72146023
2011/03/08,16.56195046721731,16.56195046721731,16.46195046721731,16.51195046721731,70964020
2011/03/09,16.560885486139462,16.560885486139462,16.46088548613946,16.51088548613946,70983020
2011/03/10,16.560607751010927,16.560607751010927,16.460607751010926,16.510607751010927,71351858
2011/03/11,16.560525450136875,16.560525450136875,16.460525450136874,16.510525450136875,71052488
2011/03/12,16.554301286895512,16.554301286895512,16.45430128689551,16.50430128689551,71693788
2011/03/13,16.554301286895512,16.554301286895512,16.45430128689551,16.50430128689551,71693788
2011/03/14,16.554301286895512,16.554301286895512,16.45430128689551,16.50430128689551,71693788
2011/03/15,16.55575708927629,16.55575708927629,16.45575708927629,16.50575708927629,71258963
2011/03/16,16.549761883010593,16.549761883010593,16.44976188301059,16.499761883010592,72110963
2011/03/17,16.549750313928392,16.549750313928392,16.44975031392839,16.49975031392839,71779963
2011/03/18,16.548838662653864,16.548838662653864,16.448838662653863,16.498838662653863,71690963
2011/03/19,16.547224908246207,16.547224908246207,16.447224908246206,16.497224908246206,71691800
2011/03/20,16.547224908246207,16.547224908246207,16.447224908246206,16.497224908246206,71691800
2011/03/21,16.547224908246207,16.547224908246207,16.447224908246206,16.497224908246206,71691800
2011/03/22,16.557563378951507,16.557563378951507,16.457563378951505,16.507563378951506,68421800
2011/03/23,16.568527192609185,16.568527192609185,16.468527192609184,16.518527192609184,66751800
2011/03/24,16.57628895279354,16.57628895279354,16.47628895279354,16.52628895279354,65639800
2011/03/25,16.558231759728933,16.558231759728933,16.458231759728932,16.508231759728933,67275410
2011/03/26,16.577012567041454,16.577012567041454,16.477012567041452,16.527012567041453,64812710
2011/03/27,16.577012567041454,16.577012567041454,16.477012567041452,16.527012567041453,64812710
2011/03/28,16.577012567041454,16.577012567041454,16.477012567041452,16.527012567041453,64812710
2011/03/29,16.580592612441418,16.580592612441418,16.480592612441416,16.530592612441417,64186996
2011/03/30,16.584972659189365,16.584972659189365,16.484972659189363,16.534972659189364,63211218
2011/03/31,16.582067926423584,16.582067926423584,16.482067926423582,16.532067926423583,63442218
2011/04/01,16.58442569148583,16.58442569148583,16.48442569148583,16.53442569148583,62717086
2011/04/02,16.584669167637568,16.584669167637568,16.484669167637566,16.534669167637567,62333526
2011/04/03,16.584669167637568,16.584669167637568,16.484669167637566,16.534669167637567,62333526
2011/04/04,16.584669167637568,16.584669167637568,16.484669167637566,16.534669167637567,62333526
2011/04/05,16.584669167637568,16.584669167637568,16.484669167637566,16.534669167637567,62333526
2011/04/06,16.584669167637568,16.584669167637568,16.484669167637566,16.534669167637567,62333526
2011/04/07,16.592973947967195,16.592973947967195,16.492973947967194,16.542973947967194,60238000
2011/04/08,16.594267463719234,16.594267463719234,16.494267463719233,16.544267463719233,60011370
2011/04/09,16.61005954765657,16.61005954765657,16.510059547656567,16.560059547656568,56617880
2011/04/10,16.61005954765657,16.61005954765657,16.510059547656567,16.560059547656568,56617880
2011/04/11,16.61005954765657,16.61005954765657,16.510059547656567,16.560059547656568,56617880
2011/04/12,16.624205182485657,16.624205182485657,16.524205182485655,16.574205182485656,54302632
2011/04/13,16.68905748999358,16.68905748999358,16.58905748999358,16.63905748999358,47706632
2011/04/14,16.754749159576818,16.754749159576818,16.654749159576816,16.704749159576817,42747632
2011/04/15,16.77764159148443,16.77764159148443,16.677641591484427,16.727641591484428,40824983
2011/04/16,17.09703216418179,17.09703216418179,16.99703216418179,17.04703216418179,24875272
2011/04/17,17.09703216418179,17.09703216418179,16.99703216418179,17.04703216418179,24875272
2011/04/18,17.09703216418179,17.09703216418179,16.99703216418179,17.04703216418179,24875272
2011/04/19,17.12934144769809,17.12934144769809,17.029341447698087,17.079341447698088,23494142
2011/04/20,17.203202037077617,17.203202037077617,17.103202037077615,17.153202037077616,19498712
2011/04/21,17.22333562846481,17.22333562846481,17.123335628464808,17.17333562846481,18521419
2011/04/22,17.24230780466588,17.24230780466588,17.14230780466588,17.19230780466588,16870919
2011/04/23,17.25254334831324,17.25254334831324,17.152543348313237,17.202543348313238,12918919
2011/04/24,17.25254334831324,17.25254334831324,17.152543348313237,17.202543348313238,12918919
2011/04/25,17.25254334831324,17.25254334831324,17.152543348313237,17.202543348313238,12918919
2011/04/26,17.252451448704267,17.252451448704267,17.152451448704266,17.202451448704267,12746919
2011/04/27,17.270006493959414,17.270006493959414,17.170006493959413,17.220006493959414,12744600
2011/04/28,17.25113289774686,17.25113289774686,17.15113289774686,17.20113289774686,11986777
2011/04/29,17.251176023075434,17.251176023075434,17.151176023075433,17.201176023075433,11731777
2011/04/30,17.253554932016513,17.253554932016513,17.15355493201651,17.203554932016512,11980725
2011/05/01,17.253554932016513,17.253554932016513,17.15355493201651,17.203554932016512,11980725
2011/05/02,17.253554932016513,17.253554932016513,17.15355493201651,17.203554932016512,11980725
2011/05/03,17.253554932016513,17.253554932016513,17.15355493201651,17.203554932016512,11980725
2011/05/04,17.262566081290633,17.262566081290633,17.16256608129063,17.212566081290632,12883725
2011/05/05,17.25131656105656,17.25131656105656,17.151316561056557,17.201316561056558,12860725
2011/05/06,17.251130362711923,17.251130362711923,17.15113036271192,17.201130362711922,12791725
2011/05/07,17.250679232126263,17.250679232126263,17.15067923212626,17.200679232126262,12246725
2011/05/08,17.250679232126263,17.250679232126263,17.15067923212626,17.200679232126262,12246725
2011/05/09,17.250679232126263,17.250679232126263,17.15067923212626,17.200679232126262,12246725
2011/05/10,17.25086127170488,17.25086127170488,17.15086127170488,17.20086127170488,12127725
2011/05/11,17.258524167251707,17.258524167251707,17.158524167251706,17.208524167251706,12749224
2011/05/12,17.253627857341993,17.253627857341993,17.15362785734199,17.203627857341992,12872224
2011/05/13,17.25276228100127,17.25276228100127,17.15276228100127,17.20276228100127,12686224
2011/05/14,17.231264353112774,17.231264353112774,17.131264353112773,17.181264353112773,12772224
2011/05/15,17.231264353112774,17.231264353112774,17.131264353112773,17.181264353112773,12772224
2011/05/16,17.231264353112774,17.231264353112774,17.131264353112773,17.181264353112773,12772224
2011/05/17,17.149320942659795,17.149320942659795,17.049320942659794,17.099320942659794,13103766
2011/05/18,17.145654939244714,17.145654939244714,17.045654939244713,17.095654939244714,12959766
2011/05/19,17.1409234395377,17.1409234395377,17.0409234395377,17.0909234395377,12298665
2011/05/20,17.01560632438024,17.01560632438024,16.91560632438024,16.96560632438024,11500006
2011/05/21,16.990968314980993,16.990968314980993,16.89096831498099,16.940968314980992,11708006
2011/05/22,16.990968314980993,16.990968314980993,16.89096831498099,16.940968314980992,11708006
2011/05/23,16.990968314980993,16.990968314980993,16.89096831498099,16.940968314980992,11708006
2011/05/24,16.9280721318707,16.9280721318707,16.828072131870698,16.8780721318707,10952006
2011/05/25,16.82686371402843,16.82686371402843,16.72686371402843,16.77686371402843,9619006
2011/05/26,16.707619591279872,16.707619591279872,16.60761959127987,16.65761959127987,8470694
2011/05/27,16.464680439900413,16.464680439900413,16.36468043990041,16.414680439900412,7164621
2011/05/28,16.370445419577788,16.370445419577788,16.270445419577786,16.320445419577787,6375836
2011/05/29,16.370445419577788,16.370445419577788,16.270445419577786,16.320445419577787,6375836
2011/05/30,16.370445419577788,16.370445419577788,16.270445419577786,16.320445419577787,6375836
2011/05/31,16.196318701536956,16.196318701536956,16.096318701536955,16.146318701536956,5182836
2011/06/01,15.528899713275603,15.528899713275603,15.428899713275602,15.478899713275602,730836
2011/06/02,14.700397670902703,14.800397670902704,14.700397670902703,14.750397670902704,1534188
2011/06/03,14.80080503440318,14.90080503440318,14.80080503440318,14.85080503440318,1318188
2011/06/04,14.901387775244816,15.001387775244817,14.901387775244816,14.951387775244816,1236188
2011/06/05,14.901387775244816,15.001387775244817,14.901387775244816,14.951387775244816,1236188
2011/06/06,14.901387775244816,15.001387775244817,14.901387775244816,14.951387775244816,1236188
2011/06/07,14.901387775244816,15.001387775244817,14.901387775244816,14.951387775244816,1236188
2011/06/08,14.712497782268162,14.812497782268164,14.712497782268162,14.762497782268163,999100
2011/06/09,15.489141089676352,15.489141089676352,15.38914108967635,15.439141089676351,406900
2011/06/10,15.496033823656317,15.496033823656317,15.396033823656316,15.446033823656316,357900
2011/06/11,14.86336936496157,14.86336936496157,14.76336936496157,14.81336936496157,275102
2011/06/12,14.86336936496157,14.86336936496157,14.76336936496157,14.81336936496157,275102
2011/06/13,14.86336936496157,14.86336936496157,14.76336936496157,14.81336936496157,275102
2011/06/14,14.153392296497737,14.253392296497738,14.153392296497737,14.203392296497737,134309
2011/06/15,14.732659972759535,14.732659972759535,14.632659972759534,14.682659972759534,175691
2011/06/16,14.514467132109196,14.614467132109198,14.514467132109196,14.564467132109197,490309
2011/06/17,14.599121505970869,14.69912150597087,14.599121505970869,14.64912150597087,1602625
2011/06/18,14.571196077719977,14.671196077719978,14.571196077719977,14.621196077719977,509837
2011/06/19,14.571196077719977,14.671196077719978,14.571196077719977,14.621196077719977,509837
2011/06/20,14.571196077719977,14.671196077719978,14.571196077719977,14.621196077719977,509837
2011/06/21,14.516442422944534,14.616442422944536,14.516442422944534,14.566442422944535,1253837
2011/06/22,14.497934062443584,14.597934062443585,14.497934062443584,14.547934062443584,1488837
2011/06/23,14.506914595714937,14.606914595714938,14.506914595714937,14.556914595714938,1620837
2011/06/24,14.565860372120627,14.665860372120628,14.565860372120627,14.615860372120627,1849837
2011/06/25,14.507954089221796,14.607954089221797,14.507954089221796,14.557954089221797,2632837
2011/06/26,14.507954089221796,14.607954089221797,14.507954089221796,14.557954089221797,2632837
2011/06/27,14.507954089221796,14.607954089221797,14.507954089221796,14.557954089221797,2632837
2011/06/28,14.582574376220885,14.682574376220886,14.582574376220885,14.632574376220886,2858103
2011/06/29,14.599949238409145,14.699949238409147,14.599949238409145,14.649949238409146,3593103
2011/06/30,14.535904950128407,14.635904950128408,14.535904950128407,14.585904950128407,4015343
2011/07/01,14.554171871503002,14.654171871503003,14.554171871503002,14.604171871503002,3291343
2011/07/02,14.587548782332261,14.687548782332263,14.587548782332261,14.637548782332262,3062507
2011/07/03,14.587548782332261,14.687548782332263,14.587548782332261,14.637548782332262,3062507
2011/07/04,14.587548782332261,14.687548782332263,14.587548782332261,14.637548782332262,3062507
2011/07/05,14.61769171791527,14.71769171791527,14.61769171791527,14.66769171791527,3546507
2011/07/06,14.62726824710478,14.727268247104782,14.62726824710478,14.67726824710478,3604259
2011/07/07,14.600384689022297,14.700384689022298,14.600384689022297,14.650384689022298,3669292
2011/07/08,14.59313165708428,14.693131657084281,14.59313165708428,14.64313165708428,3615105
2011/07/09,14.625512344374341,14.725512344374343,14.625512344374341,14.675512344374342,4202303
2011/07/10,14.625512344374341,14.725512344374343,14.625512344374341,14.675512344374342,4202303
2011/07/11,14.625512344374341,14.725512344374343,14.625512344374341,14.675512344374342,4202303
2011/07/12,14.639389452909494,14.739389452909496,14.639389452909494,14.689389452909495,4655562
2011/07/13,14.641499224405518,14.74149922440552,14.641499224405518,14.691499224405518,4767613
2011/07/14,14.632104473290596,14.732104473290597,14.632104473290596,14.682104473290597,5061761
2011/07/15,14.610313918031837,14.710313918031838,14.610313918031837,14.660313918031838,5129872
2011/07/16,14.634885578807404,14.734885578807406,14.634885578807404,14.684885578807405,5757872
2011/07/17,14.634885578807404,14.734885578807406,14.634885578807404,14.684885578807405,5757872
2011/07/18,14.634885578807404,14.734885578807406,14.634885578807404,14.684885578807405,5757872
2011/07/19,14.637173723053817,14.737173723053818,14.637173723053817,14.687173723053817,5717295
2011/07/20,14.621319085634095,14.721319085634097,14.621319085634095,14.671319085634096,5734295
2011/07/21,14.63164613435957,14.731646134359572,14.63164613435957,14.681646134359571,6570764
2011/07/22,14.63841898894445,14.738418988944451,14.63841898894445,14.68841898894445,6845603
2011/07/23,14.64264765838088,14.742647658380882,14.64264765838088,14.692647658380881,7199161
2011/07/24,14.64264765838088,14.742647658380882,14.64264765838088,14.692647658380881,7199161
2011/07/25,14.64264765838088,14.742647658380882,14.64264765838088,14.692647658380881,7199161
2011/07/26,14.651793906615131,14.751793906615132,14.651793906615131,14.701793906615132,6933161
2011/07/27,14.668103079739161,14.768103079739163,14.668103079739161,14.718103079739162,6779453
2011/07/28,14.671455673104724,14.771455673104725,14.671455673104724,14.721455673104725,6479186
2011/07/29,14.66378484492267,14.763784844922672,14.66378484492267,14.713784844922671,6074282
2011/07/30,14.661400419392901,14.761400419392903,14.661400419392901,14.711400419392902,6182026
2011/07/31,14.661400419392901,14.761400419392903,14.661400419392901,14.711400419392902,6182026
2011/08/01,14.661400419392901,14.761400419392903,14.661400419392901,14.711400419392902,6182026
2011/08/02,14.643299700131644,14.743299700131645,14.643299700131644,14.693299700131645,6518026
2011/08/03,14.65438971743434,14.754389717434341,14.65438971743434,14.70438971743434,6355535
2011/08/04,14.649274048404182,14.749274048404184,14.649274048404182,14.699274048404183,6105653
2011/08/05,14.617032479113544,14.717032479113545,14.617032479113544,14.667032479113544,6087997
2011/08/06,14.611894517834672,14.711894517834674,14.611894517834672,14.661894517834673,5523366
2011/08/07,14.611894517834672,14.711894517834674,14.611894517834672,14.661894517834673,5523366
2011/08/08,14.611894517834672,14.711894517834674,14.611894517834672,14.661894517834673,5523366
2011/08/09,14.60740702664735,14.707407026647351,14.60740702664735,14.65740702664735,5245387
2011/08/10,14.598621593277798,14.6986215932778,14.598621593277798,14.648621593277799,4659255
2011/08/11,14.58973753072552,14.689737530725521,14.58973753072552,14.63973753072552,3548255
2011/08/12,14.548866761006794,14.648866761006795,14.548866761006794,14.598866761006795,2794255
2011/08/13,14.546935726217269,14.64693572621727,14.546935726217269,14.59693572621727,320255
2011/08/14,14.546935726217269,14.64693572621727,14.546935726217269,14.59693572621727,320255
2011/08/15,14.546935726217269,14.64693572621727,14.546935726217269,14.59693572621727,320255
2011/08/16,12.113062276243147,12.113062276243147,12.013062276243145,12.063062276243146,771745
2011/08/17,12.565024122510563,12.565024122510563,12.465024122510561,12.515024122510562,2272745
2011/08/18,11.311212823826557,11.311212823826557,11.211212823826555,11.261212823826556,3531645
2011/08/19,11.436318943528486,11.436318943528486,11.336318943528484,11.386318943528485,3809438
2011/08/20,11.762419457991383,11.762419457991383,11.662419457991382,11.712419457991382,4336652
2011/08/21,11.762419457991383,11.762419457991383,11.662419457991382,11.712419457991382,4336652
2011/08/22,11.762419457991383,11.762419457991383,11.662419457991382,11.712419457991382,4336652
2011/08/23,11.817111299754565,11.817111299754565,11.717111299754563,11.767111299754564,4059476
2011/08/24,11.809356547436812,11.809356547436812,11.70935654743681,11.759356547436811,3677476
2011/08/25,12.254192568277361,12.254192568277361,12.15419256827736,12.20419256827736,4487450
2011/08/26,12.326368697109093,12.326368697109093,12.226368697109091,12.276368697109092,4512369
2011/08/27,12.625421509668769,12.625421509668769,12.525421509668767,12.575421509668768,5338953
2011/08/28,12.625421509668769,12.625421509668769,12.525421509668767,12.575421509668768,5338953
2011/08/29,12.625421509668769,12.625421509668769,12.525421509668767,12.575421509668768,5338953
2011/08/30,12.340164431930317,12.340164431930317,12.240164431930316,12.290164431930316,5351953
2011/08/31,12.383652758366136,12.383652758366136,12.283652758366134,12.333652758366135,5514953
2011/09/01,12.403876605728767,12.403876605728767,12.303876605728766,12.353876605728766,5994950
2011/09/02,12.520811609130112,12.520811609130112,12.42081160913011,12.470811609130111,6664407
2011/09/03,12.566501986809797,12.566501986809797,12.466501986809796,12.516501986809796,6913438
2011/09/04,12.566501986809797,12.566501986809797,12.466501986809796,12.516501986809796,6913438
2011/09/05,12.566501986809797,12.566501986809797,12.466501986809796,12.516501986809796,6913438
2011/09/06,12.607567035058874,12.607567035058874,12.507567035058873,12.557567035058874,7266043
2011/09/07,12.650074480447195,12.650074480447195,12.550074480447194,12.600074480447194,7474784
2011/09/08,12.626209169427089,12.626209169427089,12.526209169427087,12.576209169427088,7428978
2011/09/09,12.626891670072016,12.626891670072016,12.526891670072015,12.576891670072015,7090211
2011/09/10,12.70294933412546,12.70294933412546,12.602949334125459,12.65294933412546,7006211
2011/09/11,12.70294933412546,12.70294933412546,12.602949334125459,12.65294933412546,7006211
2011/09/12,12.70294933412546,12.70294933412546,12.602949334125459,12.65294933412546,7006211
2011/09/13,12.70294933412546,12.70294933412546,12.602949334125459,12.65294933412546,7006211
2011/09/14,12.730069360941384,12.730069360941384,12.630069360941382,12.680069360941383,7166466
2011/09/15,12.731565883419211,12.731565883419211,12.63156588341921,12.68156588341921,7104179
2011/09/16,12.727823751608998,12.727823751608998,12.627823751608997,12.677823751608997,6944179
2011/09/17,12.74604704858906,12.74604704858906,12.64604704858906,12.69604704858906,6812179
2011/09/18,12.74604704858906,12.74604704858906,12.64604704858906,12.69604704858906,6812179
2011/09/19,12.74604704858906,12.74604704858906,12.64604704858906,12.69604704858906,6812179
2011/09/20,12.73306095974836,12.73306095974836,12.63306095974836,12.68306095974836,6686910
2011/09/21,12.679667355028801,12.679667355028801,12.5796673550288,12.6296673550288,6333910
2011/09/22,12.68543732203623,12.68543732203623,12.58543732203623,12.63543732203623,6089613
2011/09/23,12.770175930212519,12.770175930212519,12.670175930212517,12.720175930212518,6637613
2011/09/24,12.713072522413269,12.713072522413269,12.613072522413267,12.663072522413268,6000472
2011/09/25,12.713072522413269,12.713072522413269,12.613072522413267,12.663072522413268,6000472
2011/09/26,12.713072522413269,12.713072522413269,12.613072522413267,12.663072522413268,6000472
2011/09/27,12.732711972882877,12.732711972882877,12.632711972882875,12.682711972882876,6211414
2011/09/28,12.739289719570586,12.739289719570586,12.639289719570584,12.689289719570585,6262408
2011/09/29,12.732848618535895,12.732848618535895,12.632848618535894,12.682848618535894,5912313
2011/09/30,12.723084172382142,12.723084172382142,12.623084172382141,12.673084172382142,5577441
2011/10/01,12.674892137628552,12.674892137628552,12.57489213762855,12.624892137628551,5337974
2011/10/02,12.674892137628552,12.674892137628552,12.57489213762855,12.624892137628551,5337974
2011/10/03,12.674892137628552,12.674892137628552,12.57489213762855,12.624892137628551,5337974
2011/10/04,12.678549514834538,12.678549514834538,12.578549514834537,12.628549514834537,5124728
2011/10/05,12.684076780755824,12.684076780755824,12.584076780755822,12.634076780755823,4680728
2011/10/06,12.9592391275879,12.9592391275879,12.859239127587898,12.909239127587899,6385728
2011/10/07,12.964748749738263,12.964748749738263,12.864748749738261,12.914748749738262,6286728
2011/10/08,12.959489322559584,12.959489322559584,12.859489322559583,12.909489322559583,6144728
2011/10/09,12.959489322559584,12.959489322559584,12.859489322559583,12.909489322559583,6144728
2011/10/10,12.959489322559584,12.959489322559584,12.859489322559583,12.909489322559583,6144728
2011/10/11,12.959489322559584,12.959489322559584,12.859489322559583,12.909489322559583,6144728
2011/10/12,12.978257701371556,12.978257701371556,12.878257701371554,12.928257701371555,6203728
2011/10/13,12.998805569471859,12.998805569471859,12.898805569471858,12.948805569471858,6076728
2011/10/14,13.005001807107405,13.005001807107405,12.905001807107404,12.955001807107404,6062265
2011/10/15,13.012636132068593,13.012636132068593,12.912636132068592,12.962636132068592,6112653
2011/10/16,13.012636132068593,13.012636132068593,12.912636132068592,12.962636132068592,6112653
2011/10/17,13.012636132068593,13.012636132068593,12.912636132068592,12.962636132068592,6112653
2011/10/18,12.957096653669717,12.957096653669717,12.857096653669716,12.907096653669717,5341040
2011/10/19,12.940482838229387,12.940482838229387,12.840482838229386,12.890482838229387,5134037
2011/10/20,12.903724243167668,12.903724243167668,12.803724243167666,12.853724243167667,4728087
2011/10/21,12.987901404551927,12.987901404551927,12.887901404551926,12.937901404551926,5058551
2011/10/22,12.945423739920056,12.945423739920056,12.845423739920054,12.895423739920055,4440789
2011/10/23,12.945423739920056,12.945423739920056,12.845423739920054,12.895423739920055,4440789
2011/10/24,12.945423739920056,12.945423739920056,12.845423739920054,12.895423739920055,4440789
2011/10/25,12.781201703526044,12.781201703526044,12.681201703526042,12.731201703526043,2758570
2011/10/26,12.750228657542381,12.750228657542381,12.65022865754238,12.70022865754238,2207774
2011/10/27,12.761803204811526,12.761803204811526,12.661803204811525,12.711803204811526,2267774
2011/10/28,12.765431673088068,12.765431673088068,12.665431673088067,12.715431673088068,2141774
2011/10/29,12.622440870911959,12.622440870911959,12.522440870911957,12.572440870911958,862774
2011/10/30,12.622440870911959,12.622440870911959,12.522440870911957,12.572440870911958,862774
2011/10/31,12.622440870911959,12.622440870911959,12.522440870911957,12.572440870911958,862774
2011/11/01,12.679071479518226,12.679071479518226,12.579071479518225,12.629071479518226,1030774
2011/11/02,12.648722838788329,12.648722838788329,12.548722838788327,12.598722838788328,77075
2011/11/03,12.66724462661354,12.66724462661354,12.567244626613538,12.61724462661354,174075
2011/11/04,12.754050466376615,12.754050466376615,12.654050466376614,12.704050466376614,416075
2011/11/05,14.468319337276627,14.568319337276629,14.468319337276627,14.518319337276628,579925
2011/11/06,14.468319337276627,14.568319337276629,14.468319337276627,14.518319337276628,579925
2011/11/07,14.468319337276627,14.568319337276629,14.468319337276627,14.518319337276628,579925
2011/11/08,13.80539786968122,13.905397869681222,13.80539786968122,13.855397869681221,1062761
2011/11/09,13.76879882538749,13.868798825387492,13.76879882538749,13.818798825387491,1257761
2011/11/10,13.733827005209468,13.83382700520947,13.733827005209468,13.783827005209469,1386761
2011/11/11,13.683140940866139,13.78314094086614,13.683140940866139,13.73314094086614,1238728
2011/11/12,13.683755909919546,13.783755909919547,13.683755909919546,13.733755909919546,1235915
2011/11/13,13.683755909919546,13.783755909919547,13.683755909919546,13.733755909919546,1235915
2011/11/14,13.683755909919546,13.783755909919547,13.683755909919546,13.733755909919546,1235915
2011/11/15,13.736311040182327,13.836311040182329,13.736311040182327,13.786311040182328,1216717
2011/11/16,13.624053257599874,13.724053257599875,13.624053257599874,13.674053257599875,1335458
2011/11/17,13.53212614624774,13.63212614624774,13.53212614624774,13.58212614624774,1738407
2011/11/18,13.352655100267851,13.452655100267853,13.352655100267851,13.402655100267852,1834259
2011/11/19,13.228148529470408,13.32814852947041,13.228148529470408,13.278148529470409,2189148
2011/11/20,13.228148529470408,13.32814852947041,13.228148529470408,13.278148529470409,2189148
2011/11/21,13.228148529470408,13.32814852947041,13.228148529470408,13.278148529470409,2189148
2011/11/22,13.142364681723274,13.242364681723275,13.142364681723274,13.192364681723275,2337148
2011/11/23,12.978029780522133,13.078029780522135,12.978029780522133,13.028029780522134,2718725
2011/11/24,13.005868788862312,13.105868788862313,13.005868788862312,13.055868788862313,2937725
2011/11/25,12.738695085319751,12.838695085319753,12.738695085319751,12.788695085319752,2968256
2011/11/26,12.567067166032565,12.667067166032567,12.567067166032565,12.617067166032566,2560417
2011/11/27,12.567067166032565,12.667067166032567,12.567067166032565,12.617067166032566,2560417
2011/11/28,12.567067166032565,12.667067166032567,12.567067166032565,12.617067166032566,2560417
2011/11/29,12.532209937644943,12.632209937644944,12.532209937644943,12.582209937644944,2405859
2011/11/30,12.508366662700062,12.608366662700064,12.508366662700062,12.558366662700063,2304859
2011/12/01,12.318555562461485,12.418555562461487,12.318555562461485,12.368555562461486,2100567
2011/12/02,12.20608420362133,12.306084203621332,12.20608420362133,12.25608420362133,2235671
2011/12/03,12.202307278389807,12.302307278389808,12.202307278389807,12.252307278389807,2216575
2011/12/04,12.202307278389807,12.302307278389808,12.202307278389807,12.252307278389807,2216575
2011/12/05,12.202307278389807,12.302307278389808,12.202307278389807,12.252307278389807,2216575
2011/12/06,12.111306901892501,12.211306901892502,12.111306901892501,12.161306901892502,2123831
2011/12/07,11.85751833886234,11.957518338862341,11.85751833886234,11.90751833886234,1410831
2011/12/08,12.071956288255686,12.171956288255688,12.071956288255686,12.121956288255687,2200322
2011/12/09,12.147857430448454,12.247857430448455,12.147857430448454,12.197857430448455,2381204
2011/12/10,11.986954179845057,12.086954179845058,11.986954179845057,12.036954179845058,1900860
2011/12/11,11.986954179845057,12.086954179845058,11.986954179845057,12.036954179845058,1900860
2011/12/12,11.986954179845057,12.086954179845058,11.986954179845057,12.036954179845058,1900860
2011/12/13,12.13580870782349,12.235808707823491,12.13580870782349,12.18580870782349,2022491
2011/12/14,12.143579720225048,12.24357972022505,12.143579720225048,12.193579720225049,2035470
2011/12/15,12.262171081179302,12.362171081179303,12.262171081179302,12.312171081179303,2425470
2011/12/16,12.555939923671895,12.655939923671896,12.555939923671895,12.605939923671896,3203470
2011/12/17,12.554230863962573,12.654230863962574,12.554230863962573,12.604230863962574,2979971
2011/12/18,12.554230863962573,12.654230863962574,12.554230863962573,12.604230863962574,2979971
2011/12/19,12.554230863962573,12.654230863962574,12.554230863962573,12.604230863962574,2979971
2011/12/20,13.247035076287707,13.347035076287709,13.247035076287707,13.297035076287708,5301971
2011/12/21,13.332706742900717,13.432706742900718,13.332706742900717,13.382706742900718,6403971
2011/12/22,13.367938906968154,13.467938906968156,13.367938906968154,13.417938906968155,8139971
2011/12/23,13.368656425313262,13.468656425313263,13.368656425313262,13.418656425313262,9319871
2011/12/24,13.323716063054238,13.42371606305424,13.323716063054238,13.373716063054239,10140664
2011/12/25,13.323716063054238,13.42371606305424,13.323716063054238,13.373716063054239,10140664
2011/12/26,13.323716063054238,13.42371606305424,13.323716063054238,13.373716063054239,10140664
2011/12/27,13.314103658397956,13.414103658397957,13.314103658397956,13.364103658397957,10267178
2011/12/28,13.332370572722771,13.432370572722773,13.332370572722771,13.382370572722772,10092735
2011/12/29,13.319528225827886,13.419528225827888,13.319528225827886,13.369528225827887,9919735
2011/12/30,13.314279897878375,13.414279897878377,13.314279897878375,13.364279897878376,10029709
2011/12/31,13.312245976993273,13.412245976993274,13.312245976993273,13.362245976993274,9986835
2012/01/01,13.312245976993273,13.412245976993274,13.312245976993273,13.362245976993274,9986835
2012/01/02,13.312245976993273,13.412245976993274,13.312245976993273,13.362245976993274,9986835
2012/01/03,13.312338360867642,13.412338360867643,13.312338360867642,13.362338360867643,9924419
2012/01/04,13.30304066404953,13.40304066404953,13.30304066404953,13.35304066404953,9830419
2012/01/05,13.29888274985477,13.39888274985477,13.29888274985477,13.34888274985477,9888419
2012/01/06,13.287183229802716,13.387183229802718,13.287183229802716,13.337183229802717,10237097
2012/01/07,13.2869028925069,13.386902892506901,13.2869028925069,13.3369028925069,10423554
2012/01/08,13.2869028925069,13.386902892506901,13.2869028925069,13.3369028925069,10423554
2012/01/09,13.2869028925069,13.386902892506901,13.2869028925069,13.3369028925069,10423554
2012/01/10,13.264587817402269,13.36458781740227,13.264587817402269,13.31458781740227,10925585
2012/01/11,13.256818052778815,13.356818052778817,13.256818052778815,13.306818052778816,11540585
2012/01/12,13.176181206270774,13.276181206270776,13.176181206270774,13.226181206270775,13852326
2012/01/13,13.162578689018883,13.262578689018884,13.162578689018883,13.212578689018883,14214520
2012/01/14,13.11855953852941,13.218559538529412,13.11855953852941,13.168559538529411,14747753
2012/01/15,13.11855953852941,13.218559538529412,13.11855953852941,13.168559538529411,14747753
2012/01/16,13.11855953852941,13.218559538529412,13.11855953852941,13.168559538529411,14747753
2012/01/17,13.094254911174371,13.194254911174372,13.094254911174371,13.144254911174372,14643753
2012/01/18,13.070183519091124,13.170183519091125,13.070183519091124,13.120183519091125,15207008
2012/01/19,13.05636427504165,13.156364275041652,13.05636427504165,13.106364275041651,15423721
2012/01/20,13.05636427504165,13.156364275041652,13.05636427504165,13.106364275041651,15423721
2012/01/21,13.05636427504165,13.156364275041652,13.05636427504165,13.106364275041651,15423721
2012/01/22,13.05636427504165,13.156364275041652,13.05636427504165,13.106364275041651,15423721
2012/01/23,13.05636427504165,13.156364275041652,13.05636427504165,13.106364275041651,15423721
2012/01/24,13.05636427504165,13.156364275041652,13.05636427504165,13.106364275041651,15423721
2012/01/25,13.05636427504165,13.156364275041652,13.05636427504165,13.106364275041651,15423721
2012/01/26,13.05636427504165,13.156364275041652,13.05636427504165,13.106364275041651,15423721
2012/01/27,13.05636427504165,13.156364275041652,13.05636427504165,13.106364275041651,15423721
2012/01/28,13.05636427504165,13.156364275041652,13.05636427504165,13.106364275041651,15423721
2012/01/29,13.05636427504165,13.156364275041652,13.05636427504165,13.106364275041651,15423721
2012/01/30,13.05636427504165,13.156364275041652,13.05636427504165,13.106364275041651,15423721
2012/01/31,12.986571907747297,13.086571907747299,12.986571907747297,13.036571907747298,18245721
2012/02/01,12.969998587388739,13.06999858738874,12.969998587388739,13.01999858738874,18299119
2012/02/02,12.956820389194178,13.05682038919418,12.956820389194178,13.006820389194178,19739850
2012/02/03,12.96129145916926,13.061291459169261,12.96129145916926,13.01129145916926,20572846
2012/02/04,12.955425521336673,13.055425521336675,12.955425521336673,13.005425521336674,20525549
2012/02/05,12.955425521336673,13.055425521336675,12.955425521336673,13.005425521336674,20525549
2012/02/06,12.955425521336673,13.055425521336675,12.955425521336673,13.005425521336674,20525549
2012/02/07,12.953640556128876,13.053640556128878,12.953640556128876,13.003640556128877,20940549
2012/02/08,12.931075400449611,13.031075400449613,12.931075400449611,12.981075400449612,21558387
2012/02/09,12.928608213523546,13.028608213523547,12.928608213523546,12.978608213523547,23110329
2012/02/10,12.915001164268062,13.015001164268064,12.915001164268062,12.965001164268063,26923323
2012/02/11,12.906923936047475,13.006923936047476,12.906923936047475,12.956923936047476,26986228
2012/02/12,12.906923936047475,13.006923936047476,12.906923936047475,12.956923936047476,26986228
2012/02/13,12.906923936047475,13.006923936047476,12.906923936047475,12.956923936047476,26986228
2012/02/14,12.894649438926812,12.994649438926814,12.894649438926812,12.944649438926813,27595356
2012/02/15,12.894063916744516,12.994063916744517,12.894063916744516,12.944063916744517,27718824
2012/02/16,12.879196595661503,12.979196595661504,12.879196595661503,12.929196595661503,28169578
2012/02/17,12.873711446241103,12.973711446241104,12.873711446241103,12.923711446241104,29677578
2012/02/18,12.863183876676318,12.96318387667632,12.863183876676318,12.91318387667632,28805810
2012/02/19,12.863183876676318,12.96318387667632,12.863183876676318,12.91318387667632,28805810
2012/02/20,12.863183876676318,12.96318387667632,12.863183876676318,12.91318387667632,28805810
2012/02/21,12.874111990571468,12.974111990571469,12.874111990571468,12.924111990571468,29110810
2012/02/22,12.876078534505213,12.976078534505215,12.876078534505213,12.926078534505214,29206810
2012/02/23,12.873607723550258,12.97360772355026,12.873607723550258,12.923607723550258,29160810
2012/02/24,12.860619816861531,12.960619816861533,12.860619816861531,12.910619816861532,28835810
2012/02/25,12.860199747720714,12.960199747720715,12.860199747720714,12.910199747720714,28856347
2012/02/26,12.860199747720714,12.960199747720715,12.860199747720714,12.910199747720714,28856347
2012/02/27,12.860199747720714,12.960199747720715,12.860199747720714,12.910199747720714,28856347
2012/02/28,12.860199747720714,12.960199747720715,12.860199747720714,12.910199747720714,28856347
2012/02/29,12.860199747720714,12.960199747720715,12.860199747720714,12.910199747720714,28856347
2012/03/01,12.859602389749876,12.959602389749877,12.859602389749876,12.909602389749876,28628401
2012/03/02,12.846191993095626,12.946191993095628,12.846191993095626,12.896191993095627,28341788
2012/03/03,12.843911516767857,12.943911516767859,12.843911516767857,12.893911516767858,28094785
2012/03/04,12.843911516767857,12.943911516767859,12.843911516767857,12.893911516767858,28094785
2012/03/05,12.843911516767857,12.943911516767859,12.843911516767857,12.893911516767858,28094785
2012/03/06,12.83907153225893,12.939071532258932,12.83907153225893,12.889071532258932,26335835
2012/03/07,12.823307992333254,12.923307992333255,12.823307992333254,12.873307992333254,25907299
2012/03/08,12.811825427586092,12.911825427586093,12.811825427586092,12.861825427586092,25342221
2012/03/09,12.793333935419005,12.893333935419006,12.793333935419005,12.843333935419006,24812790
2012/03/10,12.778465959600872,12.878465959600874,12.778465959600872,12.828465959600873,24300994
2012/03/11,12.778465959600872,12.878465959600874,12.778465959600872,12.828465959600873,24300994
2012/03/12,12.778465959600872,12.878465959600874,12.778465959600872,12.828465959600873,24300994
2012/03/13,12.777746481446266,12.877746481446268,12.777746481446266,12.827746481446267,23857994
2012/03/14,12.779963127902162,12.879963127902164,12.779963127902162,12.829963127902163,23778994
2012/03/15,12.769304608307383,12.869304608307385,12.769304608307383,12.819304608307384,21811994
2012/03/16,12.769734230796018,12.86973423079602,12.769734230796018,12.81973423079602,21256773
2012/03/17,12.762957581820913,12.862957581820915,12.762957581820913,12.812957581820914,19099392
2012/03/18,12.762957581820913,12.862957581820915,12.762957581820913,12.812957581820914,19099392
2012/03/19,12.762957581820913,12.862957581820915,12.762957581820913,12.812957581820914,19099392
2012/03/20,12.762200901169827,12.862200901169828,12.762200901169827,12.812200901169827,18408392
2012/03/21,12.763280095869197,12.863280095869198,12.763280095869197,12.813280095869198,18461899
2012/03/22,12.761840850887216,12.861840850887218,12.761840850887216,12.811840850887217,17015744
2012/03/23,12.765122037242142,12.865122037242143,12.765122037242142,12.815122037242142,17041744
2012/03/24,12.776025663176592,12.876025663176593,12.776025663176592,12.826025663176592,16937744
2012/03/25,12.776025663176592,12.876025663176593,12.776025663176592,12.826025663176592,16937744
2012/03/26,12.776025663176592,12.876025663176593,12.776025663176592,12.826025663176592,16937744
2012/03/27,12.775454563037306,12.875454563037307,12.775454563037306,12.825454563037306,16513744
2012/03/28,12.775726829670372,12.875726829670374,12.775726829670372,12.825726829670373,15767744
2012/03/29,12.78956603078258,12.889566030782582,12.78956603078258,12.839566030782581,15855744
2012/03/30,12.813842712869002,12.913842712869004,12.813842712869002,12.863842712869003,16013731
2012/03/31,12.813649239538805,12.913649239538806,12.813649239538805,12.863649239538805,15362912
2012/04/01,12.813649239538805,12.913649239538806,12.813649239538805,12.863649239538805,15362912
2012/04/02,12.813649239538805,12.913649239538806,12.813649239538805,12.863649239538805,15362912
2012/04/03,12.81869922470968,12.918699224709682,12.81869922470968,12.868699224709681,14955912
2012/04/04,12.82545560685834,12.92545560685834,12.82545560685834,12.87545560685834,14569912
2012/04/05,12.82545560685834,12.92545560685834,12.82545560685834,12.87545560685834,14569912
2012/04/06,12.900655100664705,13.000655100664707,12.900655100664705,12.950655100664706,15299912
2012/04/07,12.911102359564241,13.011102359564243,12.911102359564241,12.961102359564242,14769912
2012/04/08,12.911102359564241,13.011102359564243,12.911102359564241,12.961102359564242,14769912
2012/04/09,12.911102359564241,13.011102359564243,12.911102359564241,12.961102359564242,14769912
2012/04/10,12.924027002913874,13.024027002913876,12.924027002913874,12.974027002913875,14231912
2012/04/11,12.977440785433188,13.07744078543319,12.977440785433188,13.027440785433189,14832912
2012/04/12,13.013247392024107,13.113247392024109,13.013247392024107,13.063247392024108,14929912
2012/04/13,13.009205499951582,13.109205499951583,13.009205499951582,13.059205499951583,15021912
2012/04/14,13.010379501120818,13.11037950112082,13.010379501120818,13.060379501120819,14945912
2012/04/15,13.010379501120818,13.11037950112082,13.010379501120818,13.060379501120819,14945912
2012/04/16,13.010379501120818,13.11037950112082,13.010379501120818,13.060379501120819,14945912
2012/04/17,13.009773956040164,13.109773956040165,13.009773956040164,13.059773956040164,14928912
2012/04/18,13.01101080717945,13.11101080717945,13.01101080717945,13.06101080717945,14751912
2012/04/19,13.016987972045513,13.116987972045514,13.016987972045513,13.066987972045514,14359938
2012/04/20,13.016950174015708,13.11695017401571,13.016950174015708,13.066950174015709,13963938
2012/04/21,13.017026199677982,13.117026199677984,13.017026199677982,13.067026199677983,13430938
2012/04/22,13.017026199677982,13.117026199677984,13.017026199677982,13.067026199677983,13430938
2012/04/23,13.017026199677982,13.117026199677984,13.017026199677982,13.067026199677983,13430938
2012/04/24,13.006993204011073,13.106993204011074,13.006993204011073,13.056993204011073,13802938
2012/04/25,12.99704468617744,13.09704468617744,12.99704468617744,13.04704468617744,14083938
2012/04/26,12.997790814612564,13.097790814612566,12.997790814612564,13.047790814612565,13748938
2012/04/27,12.997521975668706,13.097521975668707,12.997521975668706,13.047521975668706,14202938
2012/04/28,12.996620612424664,13.096620612424665,12.996620612424664,13.046620612424665,14441904
2012/04/29,12.996620612424664,13.096620612424665,12.996620612424664,13.046620612424665,14441904
2012/04/30,12.996620612424664,13.096620612424665,12.996620612424664,13.046620612424665,14441904
2012/05/01,12.996235641155572,13.096235641155573,12.996235641155572,13.046235641155572,13959597
2012/05/02,12.996235641155572,13.096235641155573,12.996235641155572,13.046235641155572,13959597
2012/05/03,13.006222397852458,13.10622239785246,13.006222397852458,13.056222397852459,14307597
2012/05/04,13.009300446533842,13.109300446533844,13.009300446533842,13.059300446533843,14441597
2012/05/05,13.008408607106087,13.108408607106089,13.008408607106087,13.058408607106088,14887096
2012/05/06,13.008408607106087,13.108408607106089,13.008408607106087,13.058408607106088,14887096
2012/05/07,13.008408607106087,13.108408607106089,13.008408607106087,13.058408607106088,14887096
2012/05/08,13.00609089158048,13.10609089158048,13.00609089158048,13.05609089158048,14923096
2012/05/09,13.013408227190727,13.113408227190728,13.013408227190727,13.063408227190727,14961096
2012/05/10,13.017333601587099,13.1173336015871,13.017333601587099,13.0673336015871,14761096
2012/05/11,13.021381071553202,13.121381071553204,13.021381071553202,13.071381071553203,14820312
2012/05/12,13.027912737080324,13.127912737080326,13.027912737080324,13.077912737080325,14409709
2012/05/13,13.027912737080324,13.127912737080326,13.027912737080324,13.077912737080325,14409709
2012/05/14,13.027912737080324,13.127912737080326,13.027912737080324,13.077912737080325,14409709
2012/05/15,13.027800380707752,13.127800380707754,13.027800380707752,13.077800380707753,14425709
2012/05/16,13.02970093613978,13.129700936139782,13.02970093613978,13.079700936139782,14175976
2012/05/17,13.03203541426924,13.132035414269241,13.03203541426924,13.08203541426924,13782976
2012/05/18,13.033570876404374,13.133570876404375,13.033570876404374,13.083570876404375,13478976
2012/05/19,13.035052658375994,13.135052658375995,13.035052658375994,13.085052658375995,13191976
2012/05/20,13.035052658375994,13.135052658375995,13.035052658375994,13.085052658375995,13191976
2012/05/21,13.035052658375994,13.135052658375995,13.035052658375994,13.085052658375995,13191976
2012/05/22,13.04105401596746,13.14105401596746,13.04105401596746,13.09105401596746,13401976
2012/05/23,13.048048780501304,13.148048780501306,13.048048780501304,13.098048780501305,13357976
2012/05/24,13.049102363518479,13.14910236351848,13.049102363518479,13.09910236351848,13224976
2012/05/25,13.054898366070283,13.154898366070285,13.054898366070283,13.104898366070284,12960976
2012/05/26,13.05885541460303,13.158855414603032,13.05885541460303,13.108855414603031,12953976
2012/05/27,13.05885541460303,13.158855414603032,13.05885541460303,13.108855414603031,12953976
2012/05/28,13.05885541460303,13.158855414603032,13.05885541460303,13.108855414603031,12953976
2012/05/29,13.072317994050389,13.17231799405039,13.072317994050389,13.12231799405039,12534976
2012/05/30,13.089175379179995,13.189175379179996,13.089175379179995,13.139175379179996,12352976
2012/05/31,13.20631119569672,13.306311195696722,13.20631119569672,13.256311195696721,10901976
2012/06/01,13.240367366384014,13.340367366384015,13.240367366384014,13.290367366384015,10821976
2012/06/02,13.28373429972059,13.383734299720592,13.28373429972059,13.333734299720591,10057976
2012/06/03,13.28373429972059,13.383734299720592,13.28373429972059,13.333734299720591,10057976
2012/06/04,13.28373429972059,13.383734299720592,13.28373429972059,13.333734299720591,10057976
2012/06/05,13.304875469887543,13.404875469887545,13.304875469887543,13.354875469887544,9928976
2012/06/06,13.355047477375516,13.455047477375517,13.355047477375516,13.405047477375517,9700976
2012/06/07,13.38005022880101,13.480050228801012,13.38005022880101,13.430050228801012,9519976
2012/06/08,13.566935842287453,13.666935842287455,13.566935842287453,13.616935842287454,6773250
2012/06/09,13.58904035662962,13.689040356629622,13.58904035662962,13.639040356629621,6492843
2012/06/10,13.58904035662962,13.689040356629622,13.58904035662962,13.639040356629621,6492843
2012/06/11,13.58904035662962,13.689040356629622,13.58904035662962,13.639040356629621,6492843
2012/06/12,13.690005590418467,13.790005590418469,13.690005590418467,13.740005590418468,5082621
2012/06/13,13.747415410115487,13.847415410115488,13.747415410115487,13.797415410115487,4238625
2012/06/14,13.826893281493168,13.92689328149317,13.826893281493168,13.87689328149317,4268098
2012/06/15,13.996273623301152,14.096273623301153,13.996273623301152,14.046273623301152,4387283
2012/06/16,14.877394350039266,14.977394350039267,14.877394350039266,14.927394350039267,8967764
2012/06/17,14.877394350039266,14.977394350039267,14.877394350039266,14.927394350039267,8967764
2012/06/18,14.877394350039266,14.977394350039267,14.877394350039266,14.927394350039267,8967764
2012/06/19,15.11237059741494,15.21237059741494,15.11237059741494,15.16237059741494,8349363
2012/06/20,15.656751646901142,15.756751646901144,15.656751646901142,15.706751646901143,4721887
2012/06/21,15.770664423868094,15.870664423868096,15.770664423868094,15.820664423868095,4414059
2012/06/22,16.0629295356965,16.162929535696502,16.0629295356965,16.1129295356965,3905185
2012/06/23,16.084711538831492,16.184711538831493,16.084711538831492,16.134711538831493,3943514
2012/06/24,16.084711538831492,16.184711538831493,16.084711538831492,16.134711538831493,3943514
2012/06/25,16.084711538831492,16.184711538831493,16.084711538831492,16.134711538831493,3943514
2012/06/26,16.374907489968,16.474907489968,16.374907489968,16.424907489968,3360514
2012/06/27,15.540130996905082,15.640130996905084,15.540130996905082,15.590130996905083,1492514
2012/06/28,17.066216799758063,17.166216799758065,17.066216799758063,17.116216799758064,2232282
2012/06/29,17.57020237269424,17.67020237269424,17.57020237269424,17.62020237269424,1915100
2012/06/30,15.58020564479023,15.680205644790231,15.58020564479023,15.63020564479023,1827558
2012/07/01,15.58020564479023,15.680205644790231,15.58020564479023,15.63020564479023,1827558
2012/07/02,15.58020564479023,15.680205644790231,15.58020564479023,15.63020564479023,1827558
2012/07/03,15.603588645725953,15.703588645725954,15.603588645725953,15.653588645725954,1866558
2012/07/04,15.588754964910736,15.688754964910737,15.588754964910736,15.638754964910737,2009558
2012/07/05,15.652787913604362,15.752787913604363,15.652787913604362,15.702787913604363,2040210
2012/07/06,17.286379926036222,17.386379926036224,17.286379926036222,17.336379926036223,2339544
2012/07/07,17.32219725101103,17.42219725101103,17.32219725101103,17.37219725101103,2313544
2012/07/08,17.32219725101103,17.42219725101103,17.32219725101103,17.37219725101103,2313544
2012/07/09,17.32219725101103,17.42219725101103,17.32219725101103,17.37219725101103,2313544
2012/07/10,17.107718999596226,17.207718999596228,17.107718999596226,17.157718999596227,2495544
2012/07/11,16.274953998616542,16.374953998616544,16.274953998616542,16.324953998616543,4073544
2012/07/12,16.234888412308553,16.334888412308555,16.234888412308553,16.284888412308554,4252544
2012/07/13,16.12638016316752,16.226380163167523,16.12638016316752,16.176380163167522,4540544
2012/07/14,16.07581238794761,16.175812387947612,16.07581238794761,16.12581238794761,4748931
2012/07/15,16.07581238794761,16.175812387947612,16.07581238794761,16.12581238794761,4748931
2012/07/16,16.07581238794761,16.175812387947612,16.07581238794761,16.12581238794761,4748931
2012/07/17,16.00205418470701,16.10205418470701,16.00205418470701,16.05205418470701,5038931
2012/07/18,15.89507480133223,15.995074801332231,15.89507480133223,15.94507480133223,5195043
2012/07/19,15.897565392848371,15.997565392848372,15.897565392848371,15.947565392848372,5176043
2012/07/20,15.558882174613453,15.658882174613455,15.558882174613453,15.608882174613454,6850043
2012/07/21,15.4114453754723,15.511445375472302,15.4114453754723,15.461445375472302,7789264
2012/07/22,15.4114453754723,15.511445375472302,15.4114453754723,15.461445375472302,7789264
2012/07/23,15.4114453754723,15.511445375472302,15.4114453754723,15.461445375472302,7789264
2012/07/24,15.243213155742579,15.34321315574258,15.243213155742579,15.29321315574258,9614645
2012/07/25,15.169117147544755,15.269117147544756,15.169117147544755,15.219117147544756,10242645
2012/07/26,15.169903210018765,15.269903210018766,15.169903210018765,15.219903210018765,9943138
2012/07/27,15.042765964427632,15.142765964427634,15.042765964427632,15.092765964427633,11264293
2012/07/28,15.046012068126528,15.14601206812653,15.046012068126528,15.096012068126528,11229293
2012/07/29,15.046012068126528,15.14601206812653,15.046012068126528,15.096012068126528,11229293
2012/07/30,15.046012068126528,15.14601206812653,15.046012068126528,15.096012068126528,11229293
2012/07/31,15.04849907641619,15.148499076416192,15.04849907641619,15.098499076416191,11249293
2012/08/01,15.01355342640319,15.113553426403191,15.01355342640319,15.06355342640319,10213897
2012/08/02,14.89954582276502,14.999545822765022,14.89954582276502,14.949545822765021,11157897
2012/08/03,14.89954582276502,14.999545822765022,14.89954582276502,14.949545822765021,11157897
2012/08/04,14.915531226486497,15.015531226486498,14.915531226486497,14.965531226486497,10904897
2012/08/05,14.915531226486497,15.015531226486498,14.915531226486497,14.965531226486497,10904897
2012/08/06,14.915531226486497,15.015531226486498,14.915531226486497,14.965531226486497,10904897
2012/08/07,14.938312236023686,15.038312236023687,14.938312236023686,14.988312236023686,10646910
2012/08/08,14.850618696594369,14.95061869659437,14.850618696594369,14.90061869659437,11294729
2012/08/09,14.836171667260546,14.936171667260547,14.836171667260546,14.886171667260546,11298729
2012/08/10,14.813312958047643,14.913312958047644,14.813312958047643,14.863312958047644,11479729
2012/08/11,14.931949512209918,15.03194951220992,14.931949512209918,14.981949512209919,10567729
2012/08/12,14.931949512209918,15.03194951220992,14.931949512209918,14.981949512209919,10567729
2012/08/13,14.931949512209918,15.03194951220992,14.931949512209918,14.981949512209919,10567729
2012/08/14,14.895761130326793,14.995761130326795,14.895761130326793,14.945761130326794,10817729
2012/08/15,14.853403095499454,14.953403095499455,14.853403095499454,14.903403095499455,11129729
2012/08/16,14.901007332926559,15.00100733292656,14.901007332926559,14.95100733292656,10718729
2012/08/17,14.931672653864293,15.031672653864295,14.931672653864293,14.981672653864294,10390729
2012/08/18,14.89118500802103,14.99118500802103,14.89118500802103,14.94118500802103,10786729
2012/08/19,14.89118500802103,14.99118500802103,14.89118500802103,14.94118500802103,10786729
2012/08/20,14.89118500802103,14.99118500802103,14.89118500802103,14.94118500802103,10786729
2012/08/21,14.887909724692397,14.987909724692399,14.887909724692397,14.937909724692398,10763729
2012/08/22,14.884778270500751,14.984778270500753,14.884778270500751,14.934778270500752,10761729
2012/08/23,14.872348029010848,14.972348029010849,14.872348029010848,14.922348029010848,10882729
2012/08/24,14.845767429062416,14.945767429062418,14.845767429062416,14.895767429062417,11176703
2012/08/25,14.798728468493497,14.898728468493498,14.798728468493497,14.848728468493498,11591703
2012/08/26,14.798728468493497,14.898728468493498,14.798728468493497,14.848728468493498,11591703
2012/08/27,14.798728468493497,14.898728468493498,14.798728468493497,14.848728468493498,11591703
2012/08/28,14.739029491883656,14.839029491883657,14.739029491883656,14.789029491883657,12136703
2012/08/29,14.764575790652705,14.864575790652706,14.764575790652705,14.814575790652706,11925703
2012/08/30,14.794714169432348,14.89471416943235,14.794714169432348,14.844714169432349,11787703
2012/08/31,14.75708773460274,14.857087734602741,14.75708773460274,14.80708773460274,12273703
2012/09/01,14.753073869766768,14.853073869766769,14.753073869766768,14.803073869766768,12600676
2012/09/02,14.753073869766768,14.853073869766769,14.753073869766768,14.803073869766768,12600676
2012/09/03,14.753073869766768,14.853073869766769,14.753073869766768,14.803073869766768,12600676
2012/09/04,14.7486129556419,14.8486129556419,14.7486129556419,14.7986129556419,13159710
2012/09/05,14.69882226741564,14.798822267415641,14.69882226741564,14.74882226741564,14105017
2012/09/06,14.731578778119191,14.831578778119193,14.731578778119191,14.781578778119192,13914017
2012/09/07,14.737224128359786,14.837224128359788,14.737224128359786,14.787224128359787,13958017
2012/09/08,14.74763256524325,14.847632565243252,14.74763256524325,14.797632565243251,13972307
2012/09/09,14.74763256524325,14.847632565243252,14.74763256524325,14.797632565243251,13972307
2012/09/10,14.74763256524325,14.847632565243252,14.74763256524325,14.797632565243251,13972307
2012/09/11,14.737588585259298,14.837588585259299,14.737588585259298,14.787588585259298,14233307
2012/09/12,14.750033505431217,14.850033505431218,14.750033505431217,14.800033505431218,13955307
2012/09/13,14.7515253615363,14.851525361536302,14.7515253615363,14.801525361536301,13926307
2012/09/14,14.7593356466331,14.8593356466331,14.7593356466331,14.8093356466331,13733091
2012/09/15,14.755350127142508,14.85535012714251,14.755350127142508,14.805350127142509,14103694
2012/09/16,14.755350127142508,14.85535012714251,14.755350127142508,14.805350127142509,14103694
2012/09/17,14.755350127142508,14.85535012714251,14.755350127142508,14.805350127142509,14103694
2012/09/18,14.75548046694625,14.85548046694625,14.75548046694625,14.80548046694625,14091694
2012/09/19,14.751285757354575,14.851285757354576,14.751285757354575,14.801285757354576,14138694
2012/09/20,14.74362000870851,14.84362000870851,14.74362000870851,14.79362000870851,14259694
2012/09/21,14.732571503066673,14.832571503066674,14.732571503066673,14.782571503066674,14687694
2012/09/22,14.724387259688186,14.824387259688187,14.724387259688186,14.774387259688186,14685694
2012/09/23,14.724387259688186,14.824387259688187,14.724387259688186,14.774387259688186,14685694
2012/09/24,14.724387259688186,14.824387259688187,14.724387259688186,14.774387259688186,14685694
2012/09/25,14.727028333124318,14.82702833312432,14.727028333124318,14.777028333124319,14675694
2012/09/26,14.72920995035489,14.829209950354892,14.72920995035489,14.779209950354891,14621694
2012/09/27,14.726931686440796,14.826931686440798,14.726931686440796,14.776931686440797,14691694
2012/09/28,14.727973498222578,14.82797349822258,14.727973498222578,14.777973498222579,14604694
2012/09/29,14.728549924522587,14.828549924522589,14.728549924522587,14.778549924522588,14606694
2012/09/30,14.728549924522587,14.828549924522589,14.728549924522587,14.778549924522588,14606694
2012/10/01,14.728549924522587,14.828549924522589,14.728549924522587,14.778549924522588,14606694
2012/10/02,14.722779422694975,14.822779422694977,14.722779422694975,14.772779422694976,14872694
2012/10/03,14.726195249125956,14.826195249125957,14.726195249125956,14.776195249125957,14725694
2012/10/04,14.744241994544458,14.84424199454446,14.744241994544458,14.794241994544459,13928694
2012/10/05,14.752233712015986,14.852233712015988,14.752233712015986,14.802233712015987,13662694
2012/10/06,14.755290377747038,14.855290377747039,14.755290377747038,14.805290377747038,13428694
2012/10/07,14.755290377747038,14.855290377747039,14.755290377747038,14.805290377747038,13428694
2012/10/08,14.755290377747038,14.855290377747039,14.755290377747038,14.805290377747038,13428694
2012/10/09,14.765481719609845,14.865481719609846,14.765481719609845,14.815481719609846,13179694
2012/10/10,14.772904680350011,14.872904680350013,14.772904680350011,14.822904680350012,12908694
2012/10/11,14.772904680350011,14.872904680350013,14.772904680350011,14.822904680350012,12908694
2012/10/12,14.774571887496382,14.874571887496383,14.774571887496382,14.824571887496383,12755694
2012/10/13,14.77410922946117,14.87410922946117,14.77410922946117,14.82410922946117,12501420
2012/10/14,14.77410922946117,14.87410922946117,14.77410922946117,14.82410922946117,12501420
2012/10/15,14.77410922946117,14.87410922946117,14.77410922946117,14.82410922946117,12501420
2012/10/16,14.768137683628385,14.868137683628387,14.768137683628385,14.818137683628386,12542429
2012/10/17,14.756166335480689,14.85616633548069,14.756166335480689,14.80616633548069,12612651
2012/10/18,14.756166335480689,14.85616633548069,14.756166335480689,14.80616633548069,12562651
2012/10/19,14.754236018036288,14.85423601803629,14.754236018036288,14.804236018036288,12260178
2012/10/20,14.748037848258836,14.848037848258837,14.748037848258836,14.798037848258836,11720993
2012/10/21,14.748037848258836,14.848037848258837,14.748037848258836,14.798037848258836,11720993
2012/10/22,14.748037848258836,14.848037848258837,14.748037848258836,14.798037848258836,11720993
2012/10/23,14.332871082709485,14.432871082709486,14.332871082709485,14.382871082709485,6190718
2012/10/24,14.252052214075865,14.352052214075867,14.252052214075865,14.302052214075866,5481119
2012/10/25,14.242975857582765,14.342975857582767,14.242975857582765,14.292975857582766,5380595
2012/10/26,14.235485239707353,14.335485239707355,14.235485239707353,14.285485239707354,5296423
2012/10/27,14.158392919296874,14.258392919296876,14.158392919296874,14.208392919296875,5060297
2012/10/28,14.158392919296874,14.258392919296876,14.158392919296874,14.208392919296875,5060297
2012/10/29,14.158392919296874,14.258392919296876,14.158392919296874,14.208392919296875,5060297
2012/10/30,14.120345179487003,14.220345179487005,14.120345179487003,14.170345179487004,4995500
2012/10/31,14.091190577235436,14.191190577235437,14.091190577235436,14.141190577235436,5022500
2012/11/01,14.173352129752878,14.27335212975288,14.173352129752878,14.223352129752879,4781500
2012/11/02,14.118359504170732,14.218359504170733,14.118359504170732,14.168359504170732,3749500
2012/11/03,14.132949540501933,14.232949540501934,14.132949540501933,14.182949540501934,1693682
2012/11/04,14.132949540501933,14.232949540501934,14.132949540501933,14.182949540501934,1693682
2012/11/05,14.132949540501933,14.232949540501934,14.132949540501933,14.182949540501934,1693682
2012/11/06,13.985357623544592,14.085357623544594,13.985357623544592,14.035357623544593,1777224
2012/11/07,13.981354522929637,14.081354522929638,13.981354522929637,14.031354522929638,1661224
2012/11/08,13.974487236937259,14.07448723693726,13.974487236937259,14.02448723693726,1526224
2012/11/09,13.908172269041357,14.008172269041358,13.908172269041357,13.958172269041357,1461572
2012/11/10,13.842122223266745,13.942122223266747,13.842122223266745,13.892122223266746,1468572
2012/11/11,13.842122223266745,13.942122223266747,13.842122223266745,13.892122223266746,1468572
2012/11/12,13.842122223266745,13.942122223266747,13.842122223266745,13.892122223266746,1468572
2012/11/13,13.841064165604228,13.94106416560423,13.841064165604228,13.891064165604229,1450572
2012/11/14,13.824667017577,13.924667017577,13.824667017577,13.874667017577,1491572
2012/11/15,13.72855053935448,13.828550539354481,13.72855053935448,13.77855053935448,1736572
2012/11/16,13.576950446611757,13.676950446611759,13.576950446611757,13.626950446611758,1909572
2012/11/17,13.503383868597613,13.603383868597614,13.503383868597613,13.553383868597614,2171572
2012/11/18,13.503383868597613,13.603383868597614,13.503383868597613,13.553383868597614,2171572
2012/11/19,13.503383868597613,13.603383868597614,13.503383868597613,13.553383868597614,2171572
2012/11/20,13.436144812419224,13.536144812419225,13.436144812419224,13.486144812419225,2300185
2012/11/21,13.358509572311249,13.45850957231125,13.358509572311249,13.40850957231125,2416185
2012/11/22,13.435860604503379,13.53586060450338,13.435860604503379,13.48586060450338,2686073
2012/11/23,13.422679430480855,13.522679430480856,13.422679430480855,13.472679430480856,2630073
2012/11/24,13.339909315124949,13.43990931512495,13.339909315124949,13.38990931512495,2666073
2012/11/25,13.339909315124949,13.43990931512495,13.339909315124949,13.38990931512495,2666073
2012/11/26,13.339909315124949,13.43990931512495,13.339909315124949,13.38990931512495,2666073
2012/11/27,13.21894542609995,13.318945426099951,13.21894542609995,13.26894542609995,2521073
2012/11/28,13.176402943336987,13.276402943336988,13.176402943336987,13.226402943336987,2530073
2012/11/29,13.16902161959652,13.269021619596522,13.16902161959652,13.219021619596521,2710073
2012/11/30,13.262537281829065,13.362537281829066,13.262537281829065,13.312537281829066,3293373
2012/12/01,13.301486780009403,13.401486780009405,13.301486780009403,13.351486780009404,4303373
2012/12/02,13.301486780009403,13.401486780009405,13.301486780009403,13.351486780009404,4303373
2012/12/03,13.301486780009403,13.401486780009405,13.301486780009403,13.351486780009404,4303373
2012/12/04,13.365167412109653,13.465167412109654,13.365167412109653,13.415167412109653,5148373
2012/12/05,13.360391013514253,13.460391013514254,13.360391013514253,13.410391013514253,5172373
2012/12/06,13.51132700315417,13.611327003154171,13.51132700315417,13.56132700315417,6663769
2012/12/07,13.512362400741779,13.61236240074178,13.512362400741779,13.56236240074178,6684769
2012/12/08,13.536333307011597,13.636333307011599,13.536333307011597,13.586333307011598,7108769
2012/12/09,13.536333307011597,13.636333307011599,13.536333307011597,13.586333307011598,7108769
2012/12/10,13.536333307011597,13.636333307011599,13.536333307011597,13.586333307011598,7108769
2012/12/11,13.54885241803692,13.648852418036922,13.54885241803692,13.598852418036921,7387769
2012/12/12,13.550089390705146,13.650089390705148,13.550089390705146,13.600089390705147,7369769
2012/12/13,13.55514998000745,13.655149980007451,13.55514998000745,13.60514998000745,7459769
2012/12/14,13.56454003704127,13.664540037041272,13.56454003704127,13.614540037041271,7769769
2012/12/15,13.565770762245602,13.665770762245604,13.565770762245602,13.615770762245603,7987769
2012/12/16,13.565770762245602,13.665770762245604,13.565770762245602,13.615770762245603,7987769
2012/12/17,13.565770762245602,13.665770762245604,13.565770762245602,13.615770762245603,7987769
2012/12/18,13.568145076326068,13.66814507632607,13.568145076326068,13.61814507632607,8166769
2012/12/19,13.574093272795619,13.67409327279562,13.574093272795619,13.62409327279562,8543769
2012/12/20,13.563365861294853,13.663365861294855,13.563365861294853,13.613365861294854,8225769
2012/12/21,13.558988087455774,13.658988087455775,13.558988087455774,13.608988087455774,8112769
2012/12/22,13.5354812627787,13.6354812627787,13.5354812627787,13.5854812627787,7520769
2012/12/23,13.5354812627787,13.6354812627787,13.5354812627787,13.5854812627787,7520769
2012/12/24,13.5354812627787,13.6354812627787,13.5354812627787,13.5854812627787,7520769
2012/12/25,13.540945460683359,13.64094546068336,13.540945460683359,13.59094546068336,7606769
2012/12/26,13.553903400487211,13.653903400487213,13.553903400487211,13.603903400487212,7924769
2012/12/27,13.560456097855505,13.660456097855507,13.560456097855505,13.610456097855506,8070769
2012/12/28,13.555464469153257,13.655464469153259,13.555464469153257,13.605464469153258,8049951
2012/12/29,13.559634618914705,13.659634618914707,13.559634618914705,13.609634618914706,8157951
2012/12/30,13.559634618914705,13.659634618914707,13.559634618914705,13.609634618914706,8157951
2012/12/31,13.559634618914705,13.659634618914707,13.559634618914705,13.609634618914706,8157951
2013/01/01,13.559634618914705,13.659634618914707,13.559634618914705,13.609634618914706,8157951
2013/01/02,13.559634618914705,13.659634618914707,13.559634618914705,13.609634618914706,8157951
2013/01/03,13.569250031867897,13.669250031867898,13.569250031867897,13.619250031867898,8355151
2013/01/04,13.568657164260834,13.668657164260836,13.568657164260834,13.618657164260835,8269151
2013/01/05,13.554115625757174,13.654115625757175,13.554115625757174,13.604115625757174,8075151
2013/01/06,13.554115625757174,13.654115625757175,13.554115625757174,13.604115625757174,8075151
2013/01/07,13.554115625757174,13.654115625757175,13.554115625757174,13.604115625757174,8075151
2013/01/08,13.54082121926782,13.64082121926782,13.54082121926782,13.59082121926782,7909151
2013/01/09,13.511800785277451,13.611800785277453,13.511800785277451,13.561800785277452,7461178
2013/01/10,13.650952381007748,13.75095238100775,13.650952381007748,13.700952381007749,7079178
2013/01/11,13.659146333149149,13.75914633314915,13.659146333149149,13.70914633314915,6745178
2013/01/12,13.689829609927132,13.789829609927134,13.689829609927132,13.739829609927133,6547178
2013/01/13,13.689829609927132,13.789829609927134,13.689829609927132,13.739829609927133,6547178
2013/01/14,13.689829609927132,13.789829609927134,13.689829609927132,13.739829609927133,6547178
2013/01/15,13.704587579629889,13.80458757962989,13.704587579629889,13.75458757962989,6518466
2013/01/16,13.728839892894307,13.828839892894308,13.728839892894307,13.778839892894307,6631176
2013/01/17,13.74991565069205,13.84991565069205,13.74991565069205,13.79991565069205,6365176
2013/01/18,13.743459444623465,13.843459444623466,13.743459444623465,13.793459444623466,6171176
2013/01/19,13.743525832324512,13.843525832324513,13.743525832324512,13.793525832324512,6558176
2013/01/20,13.743525832324512,13.843525832324513,13.743525832324512,13.793525832324512,6558176
2013/01/21,13.743525832324512,13.843525832324513,13.743525832324512,13.793525832324512,6558176
2013/01/22,13.747214212862849,13.84721421286285,13.747214212862849,13.79721421286285,6445176
2013/01/23,13.781917125600458,13.88191712560046,13.781917125600458,13.831917125600459,6030176
2013/01/24,13.779571019028152,13.879571019028154,13.779571019028152,13.829571019028153,6282176
2013/01/25,13.77745346728778,13.877453467287781,13.77745346728778,13.82745346728778,6320176
2013/01/26,13.768944983244838,13.86894498324484,13.768944983244838,13.818944983244839,6348176
2013/01/27,13.768944983244838,13.86894498324484,13.768944983244838,13.818944983244839,6348176
2013/01/28,13.768944983244838,13.86894498324484,13.768944983244838,13.818944983244839,6348176
2013/01/29,13.795825964797046,13.895825964797048,13.795825964797046,13.845825964797047,6152176
2013/01/30,13.778251662558386,13.878251662558387,13.778251662558386,13.828251662558387,6746176
2013/01/31,13.800872437824344,13.900872437824345,13.800872437824344,13.850872437824345,7515176
2013/02/01,13.802379603199556,13.902379603199558,13.802379603199556,13.852379603199557,5637176
2013/02/02,13.804076669923239,13.90407666992324,13.804076669923239,13.85407666992324,5295176
2013/02/03,13.804076669923239,13.90407666992324,13.804076669923239,13.85407666992324,5295176
2013/02/04,13.804076669923239,13.90407666992324,13.804076669923239,13.85407666992324,5295176
2013/02/05,13.797491281839005,13.897491281839006,13.797491281839005,13.847491281839005,5711176
2013/02/06,13.80241198430663,13.902411984306632,13.80241198430663,13.852411984306631,5600176
2013/02/07,13.827793153126354,13.927793153126355,13.827793153126354,13.877793153126355,5702176
2013/02/08,13.827793153126354,13.927793153126355,13.827793153126354,13.877793153126355,5702176
2013/02/09,13.827793153126354,13.927793153126355,13.827793153126354,13.877793153126355,5702176
2013/02/10,13.827793153126354,13.927793153126355,13.827793153126354,13.877793153126355,5702176
2013/02/11,13.827793153126354,13.927793153126355,13.827793153126354,13.877793153126355,5702176
2013/02/12,13.827793153126354,13.927793153126355,13.827793153126354,13.877793153126355,5702176
2013/02/13,13.827793153126354,13.927793153126355,13.827793153126354,13.877793153126355,5702176
2013/02/14,13.827793153126354,13.927793153126355,13.827793153126354,13.877793153126355,5702176
2013/02/15,13.827793153126354,13.927793153126355,13.827793153126354,13.877793153126355,5702176
2013/02/16,13.827793153126354,13.927793153126355,13.827793153126354,13.877793153126355,5702176
2013/02/17,13.827793153126354,13.927793153126355,13.827793153126354,13.877793153126355,5702176
2013/02/18,13.827793153126354,13.927793153126355,13.827793153126354,13.877793153126355,5702176
2013/02/19,13.826136569328254,13.926136569328255,13.826136569328254,13.876136569328255,5742176
2013/02/20,13.820091049953406,13.920091049953408,13.820091049953406,13.870091049953407,5088176
2013/02/21,13.821158885128291,13.921158885128293,13.821158885128291,13.871158885128292,4697176
2013/02/22,13.811685657356554,13.911685657356555,13.811685657356554,13.861685657356555,4983176
2013/02/23,13.808452238927801,13.908452238927802,13.808452238927801,13.858452238927802,5395176
2013/02/24,13.808452238927801,13.908452238927802,13.808452238927801,13.858452238927802,5395176
2013/02/25,13.808452238927801,13.908452238927802,13.808452238927801,13.858452238927802,5395176
2013/02/26,13.822345520029836,13.922345520029838,13.822345520029836,13.872345520029837,5543176
2013/02/27,13.82078992028851,13.920789920288511,13.82078992028851,13.87078992028851,5641176
2013/02/28,13.821688426534473,13.921688426534475,13.821688426534473,13.871688426534474,5814176
2013/03/01,13.821688426534473,13.921688426534475,13.821688426534473,13.871688426534474,5814176
2013/03/02,13.875829487332599,13.9758294873326,13.875829487332599,13.9258294873326,6529676
2013/03/03,13.875829487332599,13.9758294873326,13.875829487332599,13.9258294873326,6529676
2013/03/04,13.875829487332599,13.9758294873326,13.875829487332599,13.9258294873326,6529676
2013/03/05,13.885840646805566,13.985840646805567,13.885840646805566,13.935840646805566,6259676
2013/03/06,13.882103162850676,13.982103162850677,13.882103162850676,13.932103162850677,6088676
2013/03/07,13.915975899744035,14.015975899744037,13.915975899744035,13.965975899744036,6497676
2013/03/08,13.932717477224704,14.032717477224706,13.932717477224704,13.982717477224705,6827676
2013/03/09,13.926036387410134,14.026036387410135,13.926036387410134,13.976036387410135,6739470
2013/03/10,13.926036387410134,14.026036387410135,13.926036387410134,13.976036387410135,6739470
2013/03/11,13.926036387410134,14.026036387410135,13.926036387410134,13.976036387410135,6739470
2013/03/12,13.918686613258314,14.018686613258316,13.918686613258314,13.968686613258315,6759470
2013/03/13,13.916849896170724,14.016849896170726,13.916849896170724,13.966849896170725,6614470
2013/03/14,13.922157422648493,14.022157422648494,13.922157422648493,13.972157422648493,6859470
2013/03/15,13.934071668995342,14.034071668995344,13.934071668995342,13.984071668995343,6852470
2013/03/16,13.944732391809515,14.044732391809516,13.944732391809515,13.994732391809515,7308470
2013/03/17,13.944732391809515,14.044732391809516,13.944732391809515,13.994732391809515,7308470
2013/03/18,13.944732391809515,14.044732391809516,13.944732391809515,13.994732391809515,7308470
2013/03/19,13.953450310784211,14.053450310784212,13.953450310784211,14.003450310784212,6779470
2013/03/20,13.943106852608786,14.043106852608787,13.943106852608786,13.993106852608786,7232842
2013/03/21,13.89681790742429,13.996817907424292,13.89681790742429,13.946817907424292,7831842
2013/03/22,13.786895005413498,13.8868950054135,13.786895005413498,13.8368950054135,9825842
2013/03/23,13.800872506238616,13.900872506238617,13.800872506238616,13.850872506238616,9807867
2013/03/24,13.800872506238616,13.900872506238617,13.800872506238616,13.850872506238616,9807867
2013/03/25,13.800872506238616,13.900872506238617,13.800872506238616,13.850872506238616,9807867
2013/03/26,13.799433092079214,13.899433092079216,13.799433092079214,13.849433092079215,9867867
2013/03/27,13.798169818518877,13.898169818518879,13.798169818518877,13.848169818518878,9419867
2013/03/28,13.80158874030789,13.901588740307892,13.80158874030789,13.851588740307891,9400867
2013/03/29,13.811194491918025,13.911194491918026,13.811194491918025,13.861194491918026,9571867
2013/03/30,13.810619984261876,13.910619984261878,13.810619984261876,13.860619984261877,9584867
2013/03/31,13.810619984261876,13.910619984261878,13.810619984261876,13.860619984261877,9584867
2013/04/01,13.810619984261876,13.910619984261878,13.810619984261876,13.860619984261877,9584867
2013/04/02,13.814176119922278,13.91417611992228,13.814176119922278,13.864176119922279,9639867
2013/04/03,13.826568417819427,13.926568417819428,13.826568417819427,13.876568417819428,9763867
2013/04/04,13.843548321134676,13.943548321134678,13.843548321134676,13.893548321134677,9553867
2013/04/05,13.843548321134676,13.943548321134678,13.843548321134676,13.893548321134677,9553867
2013/04/06,13.843548321134676,13.943548321134678,13.843548321134676,13.893548321134677,9553867
2013/04/07,13.843548321134676,13.943548321134678,13.843548321134676,13.893548321134677,9553867
2013/04/08,13.843548321134676,13.943548321134678,13.843548321134676,13.893548321134677,9553867
2013/04/09,13.855188486604769,13.95518848660477,13.855188486604769,13.90518848660477,9372867
2013/04/10,13.861235575723185,13.961235575723187,13.861235575723185,13.911235575723186,9282867
2013/04/11,13.872536785972432,13.972536785972434,13.872536785972432,13.922536785972433,8983867
2013/04/12,13.871162933904749,13.97116293390475,13.871162933904749,13.92116293390475,9038867
2013/04/13,13.865587173259408,13.96558717325941,13.865587173259408,13.915587173259409,9298213
2013/04/14,13.865587173259408,13.96558717325941,13.865587173259408,13.915587173259409,9298213
2013/04/15,13.865587173259408,13.96558717325941,13.865587173259408,13.915587173259409,9298213
2013/04/16,13.869691908335826,13.969691908335827,13.869691908335826,13.919691908335826,9297213
2013/04/17,13.876563176531592,13.976563176531593,13.876563176531592,13.926563176531593,9103213
2013/04/18,13.881022115087719,13.98102211508772,13.881022115087719,13.93102211508772,8909213
2013/04/19,13.881921149447944,13.981921149447945,13.881921149447944,13.931921149447945,8934213
2013/04/20,13.88884131200325,13.98884131200325,13.88884131200325,13.93884131200325,8890913
2013/04/21,13.88884131200325,13.98884131200325,13.88884131200325,13.93884131200325,8890913
2013/04/22,13.88884131200325,13.98884131200325,13.88884131200325,13.93884131200325,8890913
2013/04/23,13.91229722516106,14.012297225161062,13.91229722516106,13.96229722516106,7696913
2013/04/24,13.9206094631693,14.0206094631693,13.9206094631693,13.9706094631693,6945913
2013/04/25,13.922280876179586,14.022280876179588,13.922280876179586,13.972280876179587,7009913
2013/04/26,13.9229476033414,14.022947603341402,13.9229476033414,13.972947603341401,6644913
2013/04/27,13.923780912990935,14.023780912990937,13.923780912990935,13.973780912990936,6285913
2013/04/28,13.923780912990935,14.023780912990937,13.923780912990935,13.973780912990936,6285913
2013/04/29,13.923780912990935,14.023780912990937,13.923780912990935,13.973780912990936,6285913
2013/04/30,13.92522572689201,14.025225726892012,13.92522572689201,13.975225726892011,5885913
2013/05/01,13.926786028584813,14.026786028584814,13.926786028584813,13.976786028584813,5585913
2013/05/02,13.926786028584813,14.026786028584814,13.926786028584813,13.976786028584813,5585913
2013/05/03,13.926418848471062,14.026418848471064,13.926418848471062,13.976418848471063,5432913
2013/05/04,13.925689203368558,14.02568920336856,13.925689203368558,13.975689203368558,5472913
2013/05/05,13.925689203368558,14.02568920336856,13.925689203368558,13.975689203368558,5472913
2013/05/06,13.925689203368558,14.02568920336856,13.925689203368558,13.975689203368558,5472913
2013/05/07,13.928330319732611,14.028330319732612,13.928330319732611,13.978330319732612,5064913
2013/05/08,13.936735289242558,14.036735289242559,13.936735289242558,13.986735289242558,4858913
2013/05/09,13.947946096553256,14.047946096553257,13.947946096553256,13.997946096553257,4966099
2013/05/10,13.953642412201342,14.053642412201343,13.953642412201342,14.003642412201343,4593727
2013/05/11,13.960654045204087,14.060654045204089,13.960654045204087,14.010654045204088,4761727
2013/05/12,13.960654045204087,14.060654045204089,13.960654045204087,14.010654045204088,4761727
2013/05/13,13.960654045204087,14.060654045204089,13.960654045204087,14.010654045204088,4761727
2013/05/14,13.96316965234575,14.063169652345751,13.96316965234575,14.01316965234575,4829727
2013/05/15,13.961197709786674,14.061197709786676,13.961197709786674,14.011197709786675,5046727
2013/05/16,13.961372280948737,14.061372280948738,13.961372280948737,14.011372280948738,5013727
2013/05/17,13.974711384190885,14.074711384190886,13.974711384190885,14.024711384190885,4788727
2013/05/18,14.027603371541918,14.12760337154192,14.027603371541918,14.077603371541919,4909727
2013/05/19,14.027603371541918,14.12760337154192,14.027603371541918,14.077603371541919,4909727
2013/05/20,14.027603371541918,14.12760337154192,14.027603371541918,14.077603371541919,4909727
2013/05/21,14.048335143174212,14.148335143174213,14.048335143174212,14.098335143174213,4878545
2013/05/22,14.105334481010424,14.205334481010425,14.105334481010424,14.155334481010424,4989545
2013/05/23,14.163563236095628,14.26356323609563,14.163563236095628,14.213563236095629,5019345
2013/05/24,14.253222016833769,14.35322201683377,14.253222016833769,14.30322201683377,5622345
2013/05/25,14.339164522394144,14.439164522394146,14.339164522394144,14.389164522394145,5994345
2013/05/26,14.339164522394144,14.439164522394146,14.339164522394144,14.389164522394145,5994345
2013/05/27,14.339164522394144,14.439164522394146,14.339164522394144,14.389164522394145,5994345
2013/05/28,14.374940828888844,14.474940828888846,14.374940828888844,14.424940828888845,6074345
2013/05/29,14.451685819386608,14.55168581938661,14.451685819386608,14.501685819386609,6293345
2013/05/30,14.593132329831455,14.693132329831457,14.593132329831455,14.643132329831456,6573416
2013/05/31,14.633759228198638,14.73375922819864,14.633759228198638,14.683759228198639,6658416
2013/06/01,14.725638673550483,14.825638673550484,14.725638673550483,14.775638673550484,7088416
2013/06/02,14.725638673550483,14.825638673550484,14.725638673550483,14.775638673550484,7088416
2013/06/03,14.725638673550483,14.825638673550484,14.725638673550483,14.775638673550484,7088416
2013/06/04,14.741473620218883,14.841473620218885,14.741473620218883,14.791473620218884,6905128
2013/06/05,14.900554228885035,15.000554228885036,14.900554228885035,14.950554228885036,7373128
2013/06/06,14.89241853239634,14.992418532396341,14.89241853239634,14.94241853239634,7440128
2013/06/07,14.866749319576215,14.966749319576216,14.866749319576215,14.916749319576216,7664128
2013/06/08,14.950708559708582,15.050708559708584,14.950708559708582,15.000708559708583,7926128
2013/06/09,14.950708559708582,15.050708559708584,14.950708559708582,15.000708559708583,7926128
2013/06/10,14.950708559708582,15.050708559708584,14.950708559708582,15.000708559708583,7926128
2013/06/11,14.990967020259342,15.090967020259344,14.990967020259342,15.040967020259343,8678128
2013/06/12,15.017206751728505,15.117206751728506,15.017206751728505,15.067206751728506,8861128
2013/06/13,15.017206751728505,15.117206751728506,15.017206751728505,15.067206751728506,8861128
2013/06/14,15.05387376503611,15.153873765036112,15.05387376503611,15.103873765036111,8961128
2013/06/15,15.057197753219121,15.157197753219123,15.057197753219121,15.107197753219122,8993128
2013/06/16,15.057197753219121,15.157197753219123,15.057197753219121,15.107197753219122,8993128
2013/06/17,15.057197753219121,15.157197753219123,15.057197753219121,15.107197753219122,8993128
2013/06/18,15.052024585574765,15.152024585574766,15.052024585574765,15.102024585574766,8717128
2013/06/19,15.07486884025963,15.17486884025963,15.07486884025963,15.12486884025963,9100128
2013/06/20,15.123271916468996,15.223271916468997,15.123271916468996,15.173271916468996,8461995
2013/06/21,15.258051877218506,15.358051877218507,15.258051877218506,15.308051877218507,7071995
2013/06/22,15.017050558025613,15.117050558025614,15.017050558025613,15.067050558025613,6302995
2013/06/23,15.017050558025613,15.117050558025614,15.017050558025613,15.067050558025613,6302995
2013/06/24,15.017050558025613,15.117050558025614,15.017050558025613,15.067050558025613,6302995
2013/06/25,14.985904947544629,15.08590494754463,14.985904947544629,15.03590494754463,6592995
2013/06/26,15.037289117752135,15.137289117752136,15.037289117752135,15.087289117752135,6710995
2013/06/27,15.03178580260107,15.13178580260107,15.03178580260107,15.08178580260107,6586995
2013/06/28,15.123967638053784,15.223967638053786,15.123967638053784,15.173967638053785,6876995
2013/06/29,15.160325121661272,15.260325121661273,15.160325121661272,15.210325121661272,7277995
2013/06/30,15.160325121661272,15.260325121661273,15.160325121661272,15.210325121661272,7277995
2013/07/01,15.160325121661272,15.260325121661273,15.160325121661272,15.210325121661272,7277995
2013/07/02,15.143347154119766,15.243347154119768,15.143347154119766,15.193347154119767,8692995
2013/07/03,15.181425279361694,15.281425279361695,15.181425279361694,15.231425279361694,9886906
2013/07/04,15.195410101060412,15.295410101060414,15.195410101060412,15.245410101060413,9548906
2013/07/05,15.226455682504715,15.326455682504717,15.226455682504715,15.276455682504716,8950901
2013/07/06,15.246989581779731,15.346989581779733,15.246989581779731,15.296989581779732,8644901
2013/07/07,15.246989581779731,15.346989581779733,15.246989581779731,15.296989581779732,8644901
2013/07/08,15.246989581779731,15.346989581779733,15.246989581779731,15.296989581779732,8644901
2013/07/09,15.257399764724202,15.357399764724203,15.257399764724202,15.307399764724202,8682775
2013/07/10,15.269686799950476,15.369686799950477,15.269686799950476,15.319686799950476,8566775
2013/07/11,15.347743958973334,15.447743958973335,15.347743958973334,15.397743958973335,7809275
2013/07/12,15.338246107910752,15.438246107910754,15.338246107910752,15.388246107910753,7996275
2013/07/13,15.31582840523398,15.415828405233981,15.31582840523398,15.36582840523398,8102275
2013/07/14,15.31582840523398,15.415828405233981,15.31582840523398,15.36582840523398,8102275
2013/07/15,15.31582840523398,15.415828405233981,15.31582840523398,15.36582840523398,8102275
2013/07/16,15.353856059197057,15.453856059197058,15.353856059197057,15.403856059197057,7626447
2013/07/17,15.487903466410213,15.587903466410214,15.487903466410213,15.537903466410214,8177447
2013/07/18,15.46783823968068,15.56783823968068,15.46783823968068,15.51783823968068,8326447
2013/07/19,15.459055272287763,15.559055272287765,15.459055272287763,15.509055272287764,8288447
2013/07/20,15.440459751654938,15.54045975165494,15.440459751654938,15.490459751654939,8419121
2013/07/21,15.440459751654938,15.54045975165494,15.440459751654938,15.490459751654939,8419121
2013/07/22,15.440459751654938,15.54045975165494,15.440459751654938,15.490459751654939,8419121
2013/07/23,15.4651314305325,15.565131430532501,15.4651314305325,15.5151314305325,8084121
2013/07/24,15.479682304003672,15.579682304003674,15.479682304003672,15.529682304003673,7819121
2013/07/25,15.5917782247748,15.6917782247748,15.5917782247748,15.6417782247748,7480981
2013/07/26,15.54340287953791,15.643402879537911,15.54340287953791,15.59340287953791,7792981
2013/07/27,15.828251997558368,15.92825199755837,15.828251997558368,15.878251997558369,8380609
2013/07/28,15.828251997558368,15.92825199755837,15.828251997558368,15.878251997558369,8380609
2013/07/29,15.828251997558368,15.92825199755837,15.828251997558368,15.878251997558369,8380609
2013/07/30,15.793764430268386,15.893764430268387,15.793764430268386,15.843764430268386,8690609
2013/07/31,15.803355364662968,15.90335536466297,15.803355364662968,15.853355364662969,8413609
2013/08/01,16.066438675082637,16.166438675082638,16.066438675082637,16.116438675082637,9421584
2013/08/02,16.070445624077127,16.17044562407713,16.070445624077127,16.120445624077128,8362785
2013/08/03,16.057898850848662,16.157898850848664,16.057898850848662,16.107898850848663,9149785
2013/08/04,16.057898850848662,16.157898850848664,16.057898850848662,16.107898850848663,9149785
2013/08/05,16.057898850848662,16.157898850848664,16.057898850848662,16.107898850848663,9149785
2013/08/06,16.306301987003256,16.406301987003257,16.306301987003256,16.356301987003256,10653785
2013/08/07,16.36566258599355,16.465662585993552,16.36566258599355,16.41566258599355,10535785
2013/08/08,16.36566258599355,16.465662585993552,16.36566258599355,16.41566258599355,10370785
2013/08/09,16.39219900590518,16.49219900590518,16.39219900590518,16.44219900590518,10403785
2013/08/10,16.449759924049438,16.54975992404944,16.449759924049438,16.49975992404944,10198785
2013/08/11,16.449759924049438,16.54975992404944,16.449759924049438,16.49975992404944,10198785
2013/08/12,16.449759924049438,16.54975992404944,16.449759924049438,16.49975992404944,10198785
2013/08/13,16.464110627899256,16.564110627899257,16.464110627899256,16.514110627899257,10143827
2013/08/14,16.506364919105028,16.60636491910503,16.506364919105028,16.55636491910503,11151827
2013/08/15,16.524141784818962,16.624141784818963,16.524141784818962,16.574141784818963,11052827
2013/08/16,16.51433171209548,16.61433171209548,16.51433171209548,16.56433171209548,11127827
2013/08/17,16.537537139753393,16.637537139753395,16.537537139753393,16.587537139753394,11672827
2013/08/18,16.537537139753393,16.637537139753395,16.537537139753393,16.587537139753394,11672827
2013/08/19,16.537537139753393,16.637537139753395,16.537537139753393,16.587537139753394,11672827
2013/08/20,16.574401083353923,16.674401083353924,16.574401083353923,16.624401083353924,11473481
2013/08/21,16.61070683900507,16.71070683900507,16.61070683900507,16.66070683900507,11654481
2013/08/22,16.61070683900507,16.71070683900507,16.61070683900507,16.66070683900507,11654481
2013/08/23,16.627840012084214,16.727840012084215,16.627840012084214,16.677840012084214,12250481
2013/08/24,16.648085684808397,16.748085684808398,16.648085684808397,16.698085684808397,12798481
2013/08/25,16.648085684808397,16.748085684808398,16.648085684808397,16.698085684808397,12798481
2013/08/26,16.648085684808397,16.748085684808398,16.648085684808397,16.698085684808397,12798481
2013/08/27,16.677966175537655,16.777966175537657,16.677966175537655,16.727966175537656,12637481
2013/08/28,16.72022195442562,16.820221954425623,16.72022195442562,16.770221954425622,12606481
2013/08/29,16.70127402553256,16.80127402553256,16.70127402553256,16.75127402553256,12627481
2013/08/30,16.761270451632214,16.861270451632215,16.761270451632214,16.811270451632215,13439481
2013/08/31,16.78854517585191,16.888545175851913,16.78854517585191,16.838545175851912,13308481
2013/09/01,16.78854517585191,16.888545175851913,16.78854517585191,16.838545175851912,13308481
2013/09/02,16.78854517585191,16.888545175851913,16.78854517585191,16.838545175851912,13308481
2013/09/03,16.7915896214766,16.8915896214766,16.7915896214766,16.8415896214766,13926481
2013/09/04,16.831094975412537,16.931094975412538,16.831094975412537,16.881094975412537,14533481
2013/09/05,16.820897244120644,16.920897244120646,16.820897244120644,16.870897244120645,14717481
2013/09/06,16.81840223736204,16.91840223736204,16.81840223736204,16.86840223736204,14811481
2013/09/07,17.16933335483295,17.269333354832952,17.16933335483295,17.21933335483295,18038481
2013/09/08,17.16933335483295,17.269333354832952,17.16933335483295,17.21933335483295,18038481
2013/09/09,17.16933335483295,17.269333354832952,17.16933335483295,17.21933335483295,18038481
2013/09/10,17.21391872275381,17.31391872275381,17.21391872275381,17.26391872275381,18389481
2013/09/11,17.230879986876356,17.330879986876358,17.230879986876356,17.280879986876357,18568481
2013/09/12,17.337831836758074,17.437831836758075,17.337831836758074,17.387831836758075,19433481
2013/09/13,17.38603347591875,17.486033475918752,17.38603347591875,17.43603347591875,19380525
2013/09/14,17.391922284001176,17.491922284001177,17.391922284001176,17.441922284001176,18617897
2013/09/15,17.391922284001176,17.491922284001177,17.391922284001176,17.441922284001176,18617897
2013/09/16,17.391922284001176,17.491922284001177,17.391922284001176,17.441922284001176,18617897
2013/09/17,17.4724162813073,17.5724162813073,17.4724162813073,17.5224162813073,19600897
2013/09/18,17.532144194771302,17.632144194771303,17.532144194771302,17.582144194771303,20368160
2013/09/19,17.529314814244913,17.629314814244914,17.529314814244913,17.579314814244913,20362160
2013/09/20,17.529314814244913,17.629314814244914,17.529314814244913,17.579314814244913,20362160
2013/09/21,17.529314814244913,17.629314814244914,17.529314814244913,17.579314814244913,20362160
2013/09/22,17.529314814244913,17.629314814244914,17.529314814244913,17.579314814244913,20362160
2013/09/23,17.529314814244913,17.629314814244914,17.529314814244913,17.579314814244913,20362160
2013/09/24,17.57985008262846,17.679850082628462,17.57985008262846,17.62985008262846,21136412
2013/09/25,17.615000644587766,17.715000644587768,17.615000644587766,17.665000644587767,21529778
2013/09/26,17.638656574778572,17.738656574778574,17.638656574778572,17.688656574778573,21126489
2013/09/27,17.66273360303687,17.76273360303687,17.66273360303687,17.71273360303687,21326489
2013/09/28,17.71964883019728,17.81964883019728,17.71964883019728,17.76964883019728,21813450
2013/09/29,17.71964883019728,17.81964883019728,17.71964883019728,17.76964883019728,21813450
2013/09/30,17.71964883019728,17.81964883019728,17.71964883019728,17.76964883019728,21813450
2013/10/01,17.767211883337012,17.867211883337013,17.767211883337012,17.817211883337013,22061951
2013/10/02,17.822000690279125,17.922000690279127,17.822000690279125,17.872000690279126,21645951
2013/10/03,17.945926350879663,18.045926350879665,17.945926350879663,17.995926350879664,22432951
2013/10/04,18.038596232918643,18.138596232918644,18.038596232918643,18.088596232918643,23410951
2013/10/05,18.093305134912498,18.1933051349125,18.093305134912498,18.1433051349125,23460533
2013/10/06,18.093305134912498,18.1933051349125,18.093305134912498,18.1433051349125,23460533
2013/10/07,18.093305134912498,18.1933051349125,18.093305134912498,18.1433051349125,23460533
2013/10/08,18.15332363072095,18.253323630720953,18.15332363072095,18.203323630720952,22905462
2013/10/09,18.17134575374573,18.27134575374573,18.17134575374573,18.22134575374573,22349123
2013/10/10,18.22705019382575,18.32705019382575,18.22705019382575,18.27705019382575,21886123
2013/10/11,18.22705019382575,18.32705019382575,18.22705019382575,18.27705019382575,21886123
2013/10/12,18.270723453500803,18.370723453500805,18.270723453500803,18.320723453500804,23123950
2013/10/13,18.270723453500803,18.370723453500805,18.270723453500803,18.320723453500804,23123950
2013/10/14,18.270723453500803,18.370723453500805,18.270723453500803,18.320723453500804,23123950
2013/10/15,18.353232434298448,18.45323243429845,18.353232434298448,18.40323243429845,22477950
2013/10/16,18.35801041221481,18.45801041221481,18.35801041221481,18.40801041221481,22612950
2013/10/17,18.3680053382647,18.468005338264703,18.3680053382647,18.418005338264702,22937950
2013/10/18,18.44597925428052,18.54597925428052,18.44597925428052,18.49597925428052,22945950
2013/10/19,18.538600286250215,18.638600286250217,18.538600286250215,18.588600286250216,23532950
2013/10/20,18.538600286250215,18.638600286250217,18.538600286250215,18.588600286250216,23532950
2013/10/21,18.538600286250215,18.638600286250217,18.538600286250215,18.588600286250216,23532950
2013/10/22,18.551491736363182,18.651491736363184,18.551491736363182,18.601491736363183,23081822
2013/10/23,18.572175644238463,18.672175644238465,18.572175644238463,18.622175644238464,22879822
2013/10/24,18.57907565231902,18.67907565231902,18.57907565231902,18.62907565231902,23002822
2013/10/25,18.592605902625184,18.692605902625186,18.592605902625184,18.642605902625185,24061911
2013/10/26,18.61201240198903,18.712012401989032,18.61201240198903,18.66201240198903,23729911
2013/10/27,18.61201240198903,18.712012401989032,18.61201240198903,18.66201240198903,23729911
2013/10/28,18.61201240198903,18.712012401989032,18.61201240198903,18.66201240198903,23729911
2013/10/29,18.61133959110731,18.71133959110731,18.61133959110731,18.66133959110731,24217044
2013/10/30,18.59779088978078,18.69779088978078,18.59779088978078,18.64779088978078,25005044
2013/10/31,18.40613605312867,18.50613605312867,18.40613605312867,18.45613605312867,27816814
2013/11/01,18.489242715747036,18.589242715747037,18.489242715747036,18.539242715747037,30165814
2013/11/02,18.54095754983824,18.64095754983824,18.54095754983824,18.59095754983824,30029814
2013/11/03,18.54095754983824,18.64095754983824,18.54095754983824,18.59095754983824,30029814
2013/11/04,18.54095754983824,18.64095754983824,18.54095754983824,18.59095754983824,30029814
2013/11/05,18.529572082054354,18.629572082054356,18.529572082054354,18.579572082054355,30317162
2013/11/06,18.586883309676374,18.686883309676375,18.586883309676374,18.636883309676374,29172162
2013/11/07,18.617970855838955,18.717970855838956,18.617970855838955,18.667970855838956,28236249
2013/11/08,18.66498882564915,18.76498882564915,18.66498882564915,18.71498882564915,28039249
2013/11/09,18.706378425769614,18.806378425769616,18.706378425769614,18.756378425769615,27405338
2013/11/10,18.706378425769614,18.806378425769616,18.706378425769614,18.756378425769615,27405338
2013/11/11,18.706378425769614,18.806378425769616,18.706378425769614,18.756378425769615,27405338
2013/11/12,18.69962243881068,18.799622438810683,18.69962243881068,18.749622438810682,27723338
2013/11/13,18.688735678993385,18.788735678993387,18.688735678993385,18.738735678993386,28381632
2013/11/14,18.689402108133642,18.789402108133643,18.689402108133642,18.739402108133643,28649632
2013/11/15,18.705609606989427,18.805609606989428,18.705609606989427,18.755609606989427,28950508
2013/11/16,18.72208268675504,18.822082686755042,18.72208268675504,18.77208268675504,29473819
2013/11/17,18.72208268675504,18.822082686755042,18.72208268675504,18.77208268675504,29473819
2013/11/18,18.72208268675504,18.822082686755042,18.72208268675504,18.77208268675504,29473819
2013/11/19,18.723378606951588,18.82337860695159,18.723378606951588,18.77337860695159,29311819
2013/11/20,18.770292141656114,18.870292141656115,18.770292141656114,18.820292141656115,30193123
2013/11/21,18.84316284695071,18.943162846950713,18.84316284695071,18.893162846950712,31928123
2013/11/22,18.853228847047767,18.953228847047768,18.853228847047767,18.903228847047767,32377491
2013/11/23,18.992252200314976,19.092252200314977,18.992252200314976,19.042252200314977,33693491
2013/11/24,18.992252200314976,19.092252200314977,18.992252200314976,19.042252200314977,33693491
2013/11/25,18.992252200314976,19.092252200314977,18.992252200314976,19.042252200314977,33693491
2013/11/26,19.017545645317796,19.117545645317797,19.017545645317796,19.067545645317796,34182491
2013/11/27,19.07435376924206,19.17435376924206,19.07435376924206,19.12435376924206,35525491
2013/11/28,19.152348648733845,19.252348648733847,19.152348648733845,19.202348648733846,37231817
2013/11/29,19.18721237780917,19.287212377809173,19.18721237780917,19.237212377809172,38064817
2013/11/30,19.213793369552093,19.313793369552094,19.213793369552093,19.263793369552094,38781817
2013/12/01,19.213793369552093,19.313793369552094,19.213793369552093,19.263793369552094,38781817
2013/12/02,19.213793369552093,19.313793369552094,19.213793369552093,19.263793369552094,38781817
2013/12/03,19.25693468945962,19.35693468945962,19.25693468945962,19.30693468945962,39240957
2013/12/04,19.39864827921961,19.498648279219612,19.39864827921961,19.44864827921961,41578727
2013/12/05,19.559248771330267,19.65924877133027,19.559248771330267,19.609248771330268,42571968
2013/12/06,19.685277889930017,19.78527788993002,19.685277889930017,19.735277889930018,44386968
2013/12/07,19.74568326656015,19.84568326656015,19.74568326656015,19.79568326656015,45612910
2013/12/08,19.74568326656015,19.84568326656015,19.74568326656015,19.79568326656015,45612910
2013/12/09,19.74568326656015,19.84568326656015,19.74568326656015,19.79568326656015,45612910
2013/12/10,19.946560466044822,20.046560466044824,19.946560466044822,19.996560466044823,46516910
2013/12/11,20.130246719793607,20.23024671979361,20.130246719793607,20.180246719793608,50482709
2013/12/12,20.223152396977913,20.323152396977914,20.223152396977913,20.273152396977913,51214709
2013/12/13,20.45935051770532,20.559350517705322,20.45935051770532,20.50935051770532,52141709
2013/12/14,20.586101954786315,20.686101954786317,20.586101954786315,20.636101954786316,53806709
2013/12/15,20.586101954786315,20.686101954786317,20.586101954786315,20.636101954786316,53806709
2013/12/16,20.586101954786315,20.686101954786317,20.586101954786315,20.636101954786316,53806709
2013/12/17,20.63363841648463,20.73363841648463,20.63363841648463,20.68363841648463,54920743
2013/12/18,20.839106114744713,20.939106114744714,20.839106114744713,20.889106114744713,58354275
2013/12/19,20.884781638590148,20.98478163859015,20.884781638590148,20.93478163859015,58913275
2013/12/20,20.96086554878259,21.06086554878259,20.96086554878259,21.01086554878259,60069233
2013/12/21,21.031228797746188,21.13122879774619,21.031228797746188,21.08122879774619,58822734
2013/12/22,21.031228797746188,21.13122879774619,21.031228797746188,21.08122879774619,58822734
2013/12/23,21.031228797746188,21.13122879774619,21.031228797746188,21.08122879774619,58822734
2013/12/24,21.19159669300417,21.29159669300417,21.19159669300417,21.24159669300417,62123734
2013/12/25,21.233209581047443,21.333209581047445,21.233209581047443,21.283209581047444,63105734
2013/12/26,21.2913166922122,21.3913166922122,21.2913166922122,21.3413166922122,62965734
2013/12/27,21.310025818443965,21.410025818443966,21.310025818443965,21.360025818443965,63285734
2013/12/28,21.350243605966394,21.450243605966396,21.350243605966394,21.400243605966395,63261734
2013/12/29,21.350243605966394,21.450243605966396,21.350243605966394,21.400243605966395,63261734
2013/12/30,21.350243605966394,21.450243605966396,21.350243605966394,21.400243605966395,63261734
2013/12/31,21.40448030349823,21.50448030349823,21.40448030349823,21.45448030349823,62991737
2014/01/01,21.454851881014033,21.554851881014034,21.454851881014033,21.504851881014034,63041737
2014/01/02,21.454851881014033,21.554851881014034,21.454851881014033,21.504851881014034,63041737
2014/01/03,21.46209373281815,21.562093732818152,21.46209373281815,21.51209373281815,63087737
2014/01/04,21.481311548869606,21.581311548869607,21.481311548869606,21.531311548869606,62997737
2014/01/05,21.481311548869606,21.581311548869607,21.481311548869606,21.531311548869606,62997737
2014/01/06,21.481311548869606,21.581311548869607,21.481311548869606,21.531311548869606,62997737
2014/01/07,21.487764277432778,21.58776427743278,21.487764277432778,21.537764277432778,63450737
2014/01/08,21.58789526030175,21.68789526030175,21.58789526030175,21.63789526030175,63468737
2014/01/09,21.59235369811465,21.69235369811465,21.59235369811465,21.64235369811465,63060737
2014/01/10,21.616184249558,21.716184249558,21.616184249558,21.666184249558,62720737
2014/01/11,21.667853731584223,21.767853731584225,21.667853731584223,21.717853731584224,62809737
2014/01/12,21.667853731584223,21.767853731584225,21.667853731584223,21.717853731584224,62809737
2014/01/13,21.667853731584223,21.767853731584225,21.667853731584223,21.717853731584224,62809737
2014/01/14,21.675264747879375,21.775264747879376,21.675264747879375,21.725264747879375,62864737
2014/01/15,21.677122990818223,21.777122990818224,21.677122990818223,21.727122990818224,62813737
2014/01/16,21.81114370965401,21.911143709654013,21.81114370965401,21.861143709654012,59808737
2014/01/17,21.827061097655296,21.927061097655297,21.827061097655296,21.877061097655297,58361637
2014/01/18,21.85218507059628,21.952185070596283,21.85218507059628,21.902185070596282,58603637
2014/01/19,21.85218507059628,21.952185070596283,21.85218507059628,21.902185070596282,58603637
2014/01/20,21.85218507059628,21.952185070596283,21.85218507059628,21.902185070596282,58603637
2014/01/21,21.98114172387432,22.08114172387432,21.98114172387432,22.03114172387432,59378637
2014/01/22,22.127143158177137,22.22714315817714,22.127143158177137,22.177143158177138,61441358
2014/01/23,22.161882469056554,22.261882469056555,22.161882469056554,22.211882469056555,63092358
2014/01/24,22.21965487138726,22.31965487138726,22.21965487138726,22.26965487138726,61726136
2014/01/25,22.313333187436623,22.413333187436624,22.313333187436623,22.363333187436623,61791873
2014/01/26,22.313333187436623,22.413333187436624,22.313333187436623,22.363333187436623,61791873
2014/01/27,22.313333187436623,22.413333187436624,22.313333187436623,22.363333187436623,61791873
2014/01/28,22.49499872224573,22.59499872224573,22.49499872224573,22.54499872224573,65061762
2014/01/29,22.49499872224573,22.59499872224573,22.49499872224573,22.54499872224573,65061762
2014/01/30,22.49499872224573,22.59499872224573,22.49499872224573,22.54499872224573,65061762
2014/01/31,22.49499872224573,22.59499872224573,22.49499872224573,22.54499872224573,65061762
2014/02/01,22.49499872224573,22.59499872224573,22.49499872224573,22.54499872224573,65061762
2014/02/02,22.49499872224573,22.59499872224573,22.49499872224573,22.54499872224573,65061762
2014/02/03,22.49499872224573,22.59499872224573,22.49499872224573,22.54499872224573,65061762
2014/02/04,22.49499872224573,22.59499872224573,22.49499872224573,22.54499872224573,65061762
2014/02/05,22.49499872224573,22.59499872224573,22.49499872224573,22.54499872224573,65061762
2014/02/06,22.750163318681214,22.850163318681215,22.750163318681214,22.800163318681214,67571720
2014/02/07,23.080616558743085,23.180616558743086,23.080616558743085,23.130616558743085,70907354
2014/02/08,23.11072774119977,23.210727741199772,23.11072774119977,23.16072774119977,71520643
2014/02/09,23.11072774119977,23.210727741199772,23.11072774119977,23.16072774119977,71520643
2014/02/10,23.11072774119977,23.210727741199772,23.11072774119977,23.16072774119977,71520643
2014/02/11,23.16526600698227,23.265266006982273,23.16526600698227,23.215266006982272,71679643
2014/02/12,23.285685333191893,23.385685333191894,23.285685333191893,23.335685333191893,71846682
2014/02/13,23.31933549078166,23.419335490781663,23.31933549078166,23.369335490781662,71409181
2014/02/14,23.36157238401769,23.461572384017693,23.36157238401769,23.411572384017692,71765785
2014/02/15,23.53708849395097,23.637088493950973,23.53708849395097,23.587088493950972,71787785
2014/02/16,23.53708849395097,23.637088493950973,23.53708849395097,23.587088493950972,71787785
2014/02/17,23.53708849395097,23.637088493950973,23.53708849395097,23.587088493950972,71787785
2014/02/18,23.71390722144635,23.813907221446353,23.71390722144635,23.763907221446352,72037785
2014/02/19,23.73754423760284,23.83754423760284,23.73754423760284,23.78754423760284,71404425
2014/02/20,23.74111770521927,23.841117705219272,23.74111770521927,23.79111770521927,71298426
2014/02/21,23.718101708512506,23.818101708512508,23.718101708512506,23.768101708512507,70700224
2014/02/22,23.91345515802501,24.01345515802501,23.91345515802501,23.96345515802501,73440224
2014/02/23,23.91345515802501,24.01345515802501,23.91345515802501,23.96345515802501,73440224
2014/02/24,23.91345515802501,24.01345515802501,23.91345515802501,23.96345515802501,73440224
2014/02/25,24.137999680323215,24.237999680323217,24.137999680323215,24.187999680323216,74260397
2014/02/26,24.32396035443604,24.42396035443604,24.32396035443604,24.37396035443604,76344397
2014/02/27,24.332212255495595,24.432212255495596,24.332212255495595,24.382212255495595,75552397
2014/02/28,24.352426193286885,24.452426193286886,24.352426193286885,24.402426193286885,75243374
2014/03/01,24.352426193286885,24.452426193286886,24.352426193286885,24.402426193286885,75243374
2014/03/02,24.352426193286885,24.452426193286886,24.352426193286885,24.402426193286885,75243374
2014/03/03,24.352426193286885,24.452426193286886,24.352426193286885,24.402426193286885,75243374
2014/03/04,24.395436304797485,24.495436304797487,24.395436304797485,24.445436304797486,74364374
2014/03/05,24.524470141346807,24.62447014134681,24.524470141346807,24.574470141346808,73825374
2014/03/06,24.593337113594863,24.693337113594865,24.593337113594863,24.643337113594864,75176502
2014/03/07,24.60250202942325,24.70250202942325,24.60250202942325,24.65250202942325,74247502
2014/03/08,24.613877789603325,24.713877789603327,24.613877789603325,24.663877789603326,73297502
2014/03/09,24.613877789603325,24.713877789603327,24.613877789603325,24.663877789603326,73297502
2014/03/10,24.613877789603325,24.713877789603327,24.613877789603325,24.663877789603326,73297502
2014/03/11,24.702354475035886,24.802354475035887,24.702354475035886,24.752354475035887,73318413
2014/03/12,24.747671502569734,24.847671502569735,24.747671502569734,24.797671502569735,73928413
2014/03/13,24.770952146097205,24.870952146097206,24.770952146097205,24.820952146097206,73789413
2014/03/14,24.790151122668313,24.890151122668314,24.790151122668313,24.840151122668313,73365413
2014/03/15,24.858803979922044,24.958803979922045,24.858803979922044,24.908803979922045,74170643
2014/03/16,24.858803979922044,24.958803979922045,24.858803979922044,24.908803979922045,74170643
2014/03/17,24.858803979922044,24.958803979922045,24.858803979922044,24.908803979922045,74170643
2014/03/18,25.10941575037805,25.209415750378053,25.10941575037805,25.159415750378052,73221643
2014/03/19,25.1370685888355,25.237068588835502,25.1370685888355,25.1870685888355,72266218
2014/03/20,25.17567321002311,25.27567321002311,25.17567321002311,25.22567321002311,72652870
2014/03/21,25.151135445503858,25.25113544550386,25.151135445503858,25.20113544550386,73195680
2014/03/22,25.10989334736886,25.209893347368862,25.10989334736886,25.15989334736886,73477593
2014/03/23,25.10989334736886,25.209893347368862,25.10989334736886,25.15989334736886,73477593
2014/03/24,25.10989334736886,25.209893347368862,25.10989334736886,25.15989334736886,73477593
2014/03/25,25.149871408541983,25.249871408541985,25.149871408541983,25.199871408541984,72748913
2014/03/26,25.17717107205014,25.27717107205014,25.17717107205014,25.22717107205014,72750913
2014/03/27,25.191575201798592,25.291575201798594,25.191575201798592,25.241575201798593,72649349
2014/03/28,25.23767662384553,25.33767662384553,25.23767662384553,25.28767662384553,72380060
2014/03/29,25.252487103489848,25.35248710348985,25.252487103489848,25.30248710348985,70144060
2014/03/30,25.252487103489848,25.35248710348985,25.252487103489848,25.30248710348985,70144060
2014/03/31,25.252487103489848,25.35248710348985,25.252487103489848,25.30248710348985,70144060
2014/04/01,25.331779955542867,25.43177995554287,25.331779955542867,25.381779955542868,70531610
2014/04/02,25.40180109349067,25.50180109349067,25.40180109349067,25.45180109349067,70454299
2014/04/03,25.531898918242703,25.631898918242705,25.531898918242703,25.581898918242704,72547299
2014/04/04,25.621984882916383,25.721984882916384,25.621984882916383,25.671984882916384,72013995
2014/04/05,25.621984882916383,25.721984882916384,25.621984882916383,25.671984882916384,72013995
2014/04/06,25.621984882916383,25.721984882916384,25.621984882916383,25.671984882916384,72013995
2014/04/07,25.621984882916383,25.721984882916384,25.621984882916383,25.671984882916384,72013995
2014/04/08,25.73054279804238,25.83054279804238,25.73054279804238,25.78054279804238,70325995
2014/04/09,25.829939040638997,25.929939040639,25.829939040638997,25.879939040638998,71142455
2014/04/10,25.97900898061478,26.07900898061478,25.97900898061478,26.02900898061478,69066705
2014/04/11,26.009093996900756,26.109093996900757,26.009093996900756,26.059093996900756,68276416
2014/04/12,26.17727157844094,26.277271578440942,26.17727157844094,26.22727157844094,68174416
2014/04/13,26.17727157844094,26.277271578440942,26.17727157844094,26.22727157844094,68174416
2014/04/14,26.17727157844094,26.277271578440942,26.17727157844094,26.22727157844094,68174416
2014/04/15,26.3435378830069,26.4435378830069,26.3435378830069,26.3935378830069,67155416
2014/04/16,26.39259609841267,26.492596098412672,26.39259609841267,26.442596098412672,65991416
2014/04/17,26.478804066776796,26.578804066776797,26.478804066776796,26.528804066776797,65927416
2014/04/18,26.52440715191295,26.62440715191295,26.52440715191295,26.57440715191295,64598416
2014/04/19,26.667722033287923,26.767722033287924,26.667722033287923,26.717722033287924,61028646
2014/04/20,26.667722033287923,26.767722033287924,26.667722033287923,26.717722033287924,61028646
2014/04/21,26.667722033287923,26.767722033287924,26.667722033287923,26.717722033287924,61028646
2014/04/22,26.82307677068345,26.92307677068345,26.82307677068345,26.87307677068345,59489405
2014/04/23,27.024234394141896,27.124234394141897,27.024234394141896,27.074234394141897,58523405
2014/04/24,27.12817834910379,27.228178349103793,27.12817834910379,27.178178349103792,57893662
2014/04/25,27.254163500158164,27.354163500158165,27.254163500158164,27.304163500158165,55514662
2014/04/26,27.507494226873035,27.607494226873037,27.507494226873035,27.557494226873036,53527940
2014/04/27,27.507494226873035,27.607494226873037,27.507494226873035,27.557494226873036,53527940
2014/04/28,27.507494226873035,27.607494226873037,27.507494226873035,27.557494226873036,53527940
2014/04/29,27.567444809255704,27.667444809255706,27.567444809255704,27.617444809255705,52082940
2014/04/30,27.766546058373116,27.866546058373117,27.766546058373116,27.816546058373117,49980495
2014/05/01,27.88309898698642,27.98309898698642,27.88309898698642,27.93309898698642,46769171
2014/05/02,27.88309898698642,27.98309898698642,27.88309898698642,27.93309898698642,46769171
2014/05/03,27.96916276482616,28.06916276482616,27.96916276482616,28.01916276482616,45992137
2014/05/04,27.96916276482616,28.06916276482616,27.96916276482616,28.01916276482616,45992137
2014/05/05,27.96916276482616,28.06916276482616,27.96916276482616,28.01916276482616,45992137
2014/05/06,28.268327928538227,28.36832792853823,28.268327928538227,28.318327928538228,42696605
2014/05/07,28.321554031933122,28.421554031933123,28.321554031933122,28.371554031933123,42086605
2014/05/08,28.405690484369483,28.505690484369484,28.405690484369483,28.455690484369484,40222744
2014/05/09,28.3924673427363,28.4924673427363,28.3924673427363,28.4424673427363,39497127
2014/05/10,28.681540237241602,28.781540237241604,28.681540237241602,28.731540237241603,35522850
2014/05/11,28.681540237241602,28.781540237241604,28.681540237241602,28.731540237241603,35522850
2014/05/12,28.681540237241602,28.781540237241604,28.681540237241602,28.731540237241603,35522850
2014/05/13,28.775949639935643,28.875949639935644,28.775949639935643,28.825949639935644,34439850
2014/05/14,28.820865921663156,28.920865921663157,28.820865921663156,28.870865921663157,33019267
2014/05/15,28.857737279844102,28.957737279844103,28.857737279844102,28.907737279844103,32049267
2014/05/16,28.892618221370427,28.992618221370428,28.892618221370427,28.942618221370427,31509367
2014/05/17,29.380236116751075,29.480236116751076,29.380236116751075,29.430236116751075,32483876
2014/05/18,29.380236116751075,29.480236116751076,29.380236116751075,29.430236116751075,32483876
2014/05/19,29.380236116751075,29.480236116751076,29.380236116751075,29.430236116751075,32483876
2014/05/20,29.97298511131038,30.07298511131038,29.97298511131038,30.02298511131038,33503154
2014/05/21,30.227930278296263,30.327930278296265,30.227930278296263,30.277930278296264,34194444
2014/05/22,31.614472768504577,31.714472768504578,31.614472768504577,31.664472768504577,39735024
2014/05/23,32.012519660082646,32.11251966008264,32.012519660082646,32.06251966008264,41004024
2014/05/24,32.357056056674,32.45705605667399,32.357056056674,32.407056056673994,40981439
2014/05/25,32.357056056674,32.45705605667399,32.357056056674,32.407056056673994,40981439
2014/05/26,32.357056056674,32.45705605667399,32.357056056674,32.407056056673994,40981439
2014/05/27,32.47122065855592,32.571220658555916,32.47122065855592,32.52122065855592,42004439
2014/05/28,33.02336853106765,33.12336853106765,33.02336853106765,33.07336853106765,44310439
2014/05/29,33.11918975988638,33.219189759886376,33.11918975988638,33.16918975988638,43328439
2014/05/30,33.438230449234574,33.53823044923457,33.438230449234574,33.48823044923457,44427879
2014/05/31,33.625823322787085,33.72582332278708,33.625823322787085,33.67582332278708,45217879
2014/06/01,33.625823322787085,33.72582332278708,33.625823322787085,33.67582332278708,45217879
2014/06/02,33.625823322787085,33.72582332278708,33.625823322787085,33.67582332278708,45217879
2014/06/03,33.625823322787085,33.72582332278708,33.625823322787085,33.67582332278708,45217879
2014/06/04,33.88766849866446,33.987668498664455,33.88766849866446,33.93766849866446,46370279
2014/06/05,34.270954790944366,34.37095479094436,34.270954790944366,34.32095479094436,50127379
2014/06/06,34.80112620076337,34.901126200763365,34.80112620076337,34.85112620076337,52048379
2014/06/07,35.43323355262214,35.533233552622136,35.43323355262214,35.48323355262214,52088379
2014/06/08,35.43323355262214,35.533233552622136,35.43323355262214,35.48323355262214,52088379
2014/06/09,35.43323355262214,35.533233552622136,35.43323355262214,35.48323355262214,52088379
2014/06/10,35.83996479578265,35.93996479578264,35.83996479578265,35.889964795782646,50015428
2014/06/11,36.07696160034565,36.17696160034564,36.07696160034565,36.126961600345645,49597969
2014/06/12,36.32291647509854,36.42291647509853,36.32291647509854,36.372916475098535,51897191
2014/06/13,36.55412386197042,36.65412386197041,36.55412386197042,36.604123861970415,51584608
2014/06/14,37.16083435448866,37.26083435448865,37.16083435448866,37.210834354488654,48454719
2014/06/15,37.16083435448866,37.26083435448865,37.16083435448866,37.210834354488654,48454719
2014/06/16,37.16083435448866,37.26083435448865,37.16083435448866,37.210834354488654,48454719
2014/06/17,37.88543569178539,37.98543569178538,37.88543569178539,37.935435691785386,45969409
2014/06/18,38.64772333938621,38.747723339386205,38.64772333938621,38.69772333938621,41996010
2014/06/19,38.78062786484789,38.88062786484788,38.78062786484789,38.830627864847884,41837010
2014/06/20,39.42765230690779,39.52765230690778,39.42765230690779,39.477652306907785,45576010
2014/06/21,39.61758771076805,39.71758771076804,39.61758771076805,39.667587710768046,43280814
2014/06/22,39.61758771076805,39.71758771076804,39.61758771076805,39.667587710768046,43280814
2014/06/23,39.61758771076805,39.71758771076804,39.61758771076805,39.667587710768046,43280814
2014/06/24,39.70805395262655,39.808053952626544,39.70805395262655,39.75805395262655,43940477
2014/06/25,39.8926473515207,39.992647351520695,39.8926473515207,39.9426473515207,44162873
2014/06/26,40.196897851495024,40.29689785149502,40.196897851495024,40.24689785149502,40911809
2014/06/27,40.57553504437482,40.67553504437481,40.57553504437482,40.625535044374814,39980209
2014/06/28,40.55595390587273,40.65595390587272,40.55595390587273,40.605953905872724,40645287
2014/06/29,40.55595390587273,40.65595390587272,40.55595390587273,40.605953905872724,40645287
2014/06/30,40.55595390587273,40.65595390587272,40.55595390587273,40.605953905872724,40645287
2014/07/01,40.54518002950927,40.64518002950926,40.54518002950927,40.595180029509265,40628346
2014/07/02,40.319953476096245,40.41995347609624,40.319953476096245,40.36995347609624,41428887
2014/07/03,41.0771681616197,41.1771681616197,41.0771681616197,41.1271681616197,39352878
2014/07/04,41.68381967185237,41.78381967185236,41.68381967185237,41.733819671852366,38293878
2014/07/05,42.441146136888385,42.54114613688838,42.441146136888385,42.49114613688838,37664878
2014/07/06,42.441146136888385,42.54114613688838,42.441146136888385,42.49114613688838,37664878
2014/07/07,42.441146136888385,42.54114613688838,42.441146136888385,42.49114613688838,37664878
2014/07/08,42.69776254932369,42.797762549323686,42.69776254932369,42.74776254932369,41975878
2014/07/09,42.9800350913641,43.080035091364095,42.9800350913641,43.0300350913641,44041589
2014/07/10,44.09176934443351,44.1917693444335,44.09176934443351,44.141769344433506,52218589
2014/07/11,44.379978496250025,44.47997849625002,44.379978496250025,44.42997849625002,52447275
2014/07/12,44.672840831222175,44.77284083122217,44.672840831222175,44.72284083122217,51525275
2014/07/13,44.672840831222175,44.77284083122217,44.672840831222175,44.72284083122217,51525275
2014/07/14,44.672840831222175,44.77284083122217,44.672840831222175,44.72284083122217,51525275
2014/07/15,44.49881680490278,44.598816804902775,44.49881680490278,44.54881680490278,52422275
2014/07/16,44.320040458372766,44.42004045837276,44.320040458372766,44.37004045837276,51691275
2014/07/17,44.526557596653646,44.62655759665364,44.526557596653646,44.57655759665364,51498131
2014/07/18,44.71500044346305,44.81500044346304,44.71500044346305,44.765000443463045,51323999
2014/07/19,44.79185677641598,44.89185677641598,44.79185677641598,44.84185677641598,52965999
2014/07/20,44.79185677641598,44.89185677641598,44.79185677641598,44.84185677641598,52965999
2014/07/21,44.79185677641598,44.89185677641598,44.79185677641598,44.84185677641598,52965999
2014/07/22,44.781972343978914,44.88197234397891,44.781972343978914,44.83197234397891,53601751
2014/07/23,44.99586422662658,45.095864226626574,44.99586422662658,45.04586422662658,52308751
2014/07/24,44.99586422662658,45.095864226626574,44.99586422662658,45.04586422662658,52308751
2014/07/25,45.34481163316199,45.44481163316198,45.34481163316199,45.394811633161986,52518930
2014/07/26,45.28027461239002,45.38027461239002,45.28027461239002,45.33027461239002,52455355
2014/07/27,45.28027461239002,45.38027461239002,45.28027461239002,45.33027461239002,52455355
2014/07/28,45.28027461239002,45.38027461239002,45.28027461239002,45.33027461239002,52455355
2014/07/29,45.326944342965135,45.42694434296513,45.326944342965135,45.37694434296513,52170355
2014/07/30,45.36486739952328,45.46486739952327,45.36486739952328,45.414867399523274,52380545
2014/07/31,45.31629918320284,45.41629918320283,45.31629918320284,45.366299183202834,52650545
2014/08/01,45.32893664508066,45.428936645080654,45.32893664508066,45.37893664508066,53499225
2014/08/02,45.31892048709528,45.41892048709528,45.31892048709528,45.36892048709528,52565225
2014/08/03,45.31892048709528,45.41892048709528,45.31892048709528,45.36892048709528,52565225
2014/08/04,45.31892048709528,45.41892048709528,45.31892048709528,45.36892048709528,52565225
2014/08/05,45.32760535880236,45.42760535880235,45.32760535880236,45.377605358802356,52583867
2014/08/06,45.35610380164561,45.456103801645604,45.35610380164561,45.40610380164561,52827867
2014/08/07,44.995525920251985,45.09552592025198,44.995525920251985,45.04552592025198,54927114
2014/08/08,45.09160517877322,45.191605178773216,45.09160517877322,45.14160517877322,55021658
2014/08/09,45.18489399650322,45.284893996503214,45.18489399650322,45.23489399650322,54382658
2014/08/10,45.18489399650322,45.284893996503214,45.18489399650322,45.23489399650322,54382658
2014/08/11,45.18489399650322,45.284893996503214,45.18489399650322,45.23489399650322,54382658
2014/08/12,45.4015462424185,45.50154624241849,45.4015462424185,45.451546242418495,51926658
2014/08/13,45.45338819645603,45.55338819645603,45.45338819645603,45.50338819645603,49986658
2014/08/14,45.30274897927546,45.40274897927545,45.30274897927546,45.352748979275454,51954658
2014/08/15,45.36761720234604,45.467617202346034,45.36761720234604,45.41761720234604,47560381
2014/08/16,45.37604674689945,45.47604674689944,45.37604674689945,45.426046746899445,47276053
2014/08/17,45.37604674689945,45.47604674689944,45.37604674689945,45.426046746899445,47276053
2014/08/18,45.37604674689945,45.47604674689944,45.37604674689945,45.426046746899445,47276053
2014/08/19,45.2771828151954,45.3771828151954,45.2771828151954,45.3271828151954,48351342
2014/08/20,45.37218758457393,45.47218758457392,45.37218758457393,45.422187584573926,47548652
2014/08/21,45.47166509663654,45.571665096636536,45.47166509663654,45.52166509663654,43147652
2014/08/22,45.40279161282694,45.50279161282693,45.40279161282694,45.452791612826935,41596484
2014/08/23,45.48369519232821,45.58369519232821,45.48369519232821,45.53369519232821,39944640
2014/08/24,45.48369519232821,45.58369519232821,45.48369519232821,45.53369519232821,39944640
2014/08/25,45.48369519232821,45.58369519232821,45.48369519232821,45.53369519232821,39944640
2014/08/26,45.34945694352268,45.44945694352268,45.34945694352268,45.39945694352268,40931640
2014/08/27,45.30968700648043,45.409687006480425,45.30968700648043,45.35968700648043,41501640
2014/08/28,45.26716862816806,45.36716862816805,45.26716862816806,45.317168628168055,40885640
2014/08/29,45.32933878181503,45.42933878181503,45.32933878181503,45.37933878181503,40120786
2014/08/30,45.365375278834776,45.46537527883477,45.365375278834776,45.41537527883477,39928587
2014/08/31,45.365375278834776,45.46537527883477,45.365375278834776,45.41537527883477,39928587
2014/09/01,45.365375278834776,45.46537527883477,45.365375278834776,45.41537527883477,39928587
2014/09/02,45.31775057831312,45.41775057831311,45.31775057831312,45.367750578313114,40264587
2014/09/03,45.10920473820399,45.20920473820399,45.10920473820399,45.15920473820399,44285869
2014/09/04,45.056472048126,45.15647204812599,45.056472048126,45.106472048125994,41397869
2014/09/05,45.10411573549176,45.204115735491754,45.10411573549176,45.15411573549176,40358314
2014/09/06,44.973395090839745,45.07339509083974,44.973395090839745,45.02339509083974,41729638
2014/09/07,44.973395090839745,45.07339509083974,44.973395090839745,45.02339509083974,41729638
2014/09/08,44.973395090839745,45.07339509083974,44.973395090839745,45.02339509083974,41729638
2014/09/09,44.973395090839745,45.07339509083974,44.973395090839745,45.02339509083974,41729638
2014/09/10,44.91907794641222,45.01907794641222,44.91907794641222,44.96907794641222,42047638
2014/09/11,44.905217356630814,45.00521735663081,44.905217356630814,44.95521735663081,42483638
2014/09/12,44.84045714458163,44.94045714458162,44.84045714458163,44.890457144581625,43678636
2014/09/13,44.808485348804794,44.90848534880479,44.808485348804794,44.85848534880479,42361815
2014/09/14,44.808485348804794,44.90848534880479,44.808485348804794,44.85848534880479,42361815
2014/09/15,44.808485348804794,44.90848534880479,44.808485348804794,44.85848534880479,42361815
2014/09/16,44.74663128042499,44.84663128042499,44.74663128042499,44.79663128042499,43694967
2014/09/17,44.680970269346815,44.78097026934681,44.680970269346815,44.73097026934681,44226400
2014/09/18,44.59110776003351,44.6911077600335,44.59110776003351,44.641107760033506,44898400
2014/09/19,44.545951145077645,44.64595114507764,44.545951145077645,44.59595114507764,45877055
2014/09/20,44.394717372766365,44.49471737276636,44.394717372766365,44.44471737276636,47520570
2014/09/21,44.394717372766365,44.49471737276636,44.394717372766365,44.44471737276636,47520570
2014/09/22,44.394717372766365,44.49471737276636,44.394717372766365,44.44471737276636,47520570
2014/09/23,44.38293869478702,44.482938694787016,44.38293869478702,44.43293869478702,47004132
2014/09/24,44.445196336653105,44.5451963366531,44.445196336653105,44.4951963366531,45413620
2014/09/25,44.502392439095104,44.6023924390951,44.502392439095104,44.5523924390951,43713342
2014/09/26,44.47560227457747,44.57560227457746,44.47560227457747,44.525602274577466,43388208
2014/09/27,44.76040025636975,44.86040025636974,44.76040025636975,44.810400256369746,37679241
2014/09/28,44.76040025636975,44.86040025636974,44.76040025636975,44.810400256369746,37679241
2014/09/29,44.76040025636975,44.86040025636974,44.76040025636975,44.810400256369746,37679241
2014/09/30,44.81737999676198,44.91737999676197,44.81737999676198,44.867379996761976,35789573
2014/10/01,44.83896123344587,44.938961233445866,44.83896123344587,44.88896123344587,34126158
2014/10/02,44.7173287982498,44.8173287982498,44.7173287982498,44.7673287982498,34097329
2014/10/03,44.673200676480455,44.77320067648045,44.673200676480455,44.72320067648045,32073339
2014/10/04,44.660380318622636,44.76038031862263,44.660380318622636,44.71038031862263,32568339
2014/10/05,44.660380318622636,44.76038031862263,44.660380318622636,44.71038031862263,32568339
2014/10/06,44.660380318622636,44.76038031862263,44.660380318622636,44.71038031862263,32568339
2014/10/07,44.64233939308558,44.74233939308557,44.64233939308558,44.692339393085575,30309999
2014/10/08,44.627116662368664,44.72711666236866,44.627116662368664,44.67711666236866,28980738
2014/10/09,44.54745008600212,44.64745008600212,44.54745008600212,44.59745008600212,28103608
2014/10/10,44.47903020279242,44.57903020279242,44.47903020279242,44.52903020279242,23047687
2014/10/11,44.47903020279242,44.57903020279242,44.47903020279242,44.52903020279242,23047687
2014/10/12,44.47903020279242,44.57903020279242,44.47903020279242,44.52903020279242,23047687
2014/10/13,44.47903020279242,44.57903020279242,44.47903020279242,44.52903020279242,23047687
2014/10/14,44.383693232763086,44.48369323276308,44.383693232763086,44.43369323276308,20193687
2014/10/15,44.170864956200894,44.27086495620089,44.170864956200894,44.22086495620089,18657687
2014/10/16,44.15986725956897,44.25986725956896,44.15986725956897,44.209867259568966,17739687
2014/10/17,44.130975947328686,44.23097594732868,44.130975947328686,44.18097594732868,15466657
2014/10/18,43.233580704866974,43.33358070486697,43.233580704866974,43.28358070486697,14969657
2014/10/19,43.233580704866974,43.33358070486697,43.233580704866974,43.28358070486697,14969657
2014/10/20,43.233580704866974,43.33358070486697,43.233580704866974,43.28358070486697,14969657
2014/10/21,43.1631906120609,43.263190612060896,43.1631906120609,43.2131906120609,13829240
2014/10/22,43.149461327229936,43.24946132722993,43.149461327229936,43.19946132722993,12829240
2014/10/23,42.71111526435038,42.81111526435038,42.71111526435038,42.76111526435038,12777340
2014/10/24,42.655184585316185,42.75518458531618,42.655184585316185,42.70518458531618,13162328
2014/10/25,42.59105080499077,42.691050804990766,42.59105080499077,42.64105080499077,12891328
2014/10/26,42.59105080499077,42.691050804990766,42.59105080499077,42.64105080499077,12891328
2014/10/27,42.59105080499077,42.691050804990766,42.59105080499077,42.64105080499077,12891328
2014/10/28,41.383605070756694,41.48360507075669,41.383605070756694,41.43360507075669,9082557
2014/10/29,41.79051201316647,41.890512013166465,41.79051201316647,41.84051201316647,9796753
2014/10/30,41.59451847920283,41.69451847920283,41.59451847920283,41.64451847920283,8212090
2014/10/31,41.38409466650217,41.484094666502166,41.38409466650217,41.43409466650217,7049549
2014/11/01,41.91582640511441,42.0158264051144,41.91582640511441,41.965826405114406,8381613
2014/11/02,41.91582640511441,42.0158264051144,41.91582640511441,41.965826405114406,8381613
2014/11/03,41.91582640511441,42.0158264051144,41.91582640511441,41.965826405114406,8381613
2014/11/04,41.557999270871164,41.65799927087116,41.557999270871164,41.60799927087116,8497213
2014/11/05,41.44395582339633,41.543955823396324,41.44395582339633,41.49395582339633,7752913
2014/11/06,41.46177395059146,41.56177395059145,41.46177395059146,41.511773950591454,7292596
2014/11/07,41.110378515195876,41.21037851519587,41.110378515195876,41.16037851519587,8427596
2014/11/08,40.635164887143134,40.73516488714313,40.635164887143134,40.68516488714313,8546915
2014/11/09,40.635164887143134,40.73516488714313,40.635164887143134,40.68516488714313,8546915
2014/11/10,40.635164887143134,40.73516488714313,40.635164887143134,40.68516488714313,8546915
2014/11/11,40.28490583815187,40.384905838151866,40.28490583815187,40.33490583815187,7725569
2014/11/12,39.55393615960281,39.65393615960281,39.55393615960281,39.60393615960281,6794569
2014/11/13,38.340205220034775,38.44020522003477,38.340205220034775,38.39020522003477,3466569
2014/11/14,38.73127927600447,38.831279276004466,38.73127927600447,38.78127927600447,1523881
2014/11/15,37.72277849555003,37.72277849555003,37.62277849555004,37.672778495550034,6488119
2014/11/16,37.72277849555003,37.72277849555003,37.62277849555004,37.672778495550034,6488119
2014/11/17,37.72277849555003,37.72277849555003,37.62277849555004,37.672778495550034,6488119
2014/11/18,37.56354007492919,37.56354007492919,37.4635400749292,37.513540074929196,9292105
2014/11/19,37.385305504577516,37.385305504577516,37.28530550457752,37.33530550457752,10311105
2014/11/20,37.409787143871334,37.409787143871334,37.30978714387134,37.35978714387134,9736105
2014/11/21,36.64529902389381,36.64529902389381,36.54529902389382,36.595299023893816,9640979
2014/11/22,36.64257797947666,36.64257797947666,36.54257797947667,36.592577979476665,10787735
2014/11/23,36.64257797947666,36.64257797947666,36.54257797947667,36.592577979476665,10787735
2014/11/24,36.64257797947666,36.64257797947666,36.54257797947667,36.592577979476665,10787735
2014/11/25,36.45811722529081,36.45811722529081,36.35811722529082,36.408117225290816,13030603
2014/11/26,36.44976221913075,36.44976221913075,36.34976221913075,36.39976221913075,16932739
2014/11/27,36.42845844558993,36.42845844558993,36.32845844558994,36.378458445589935,18273194
2014/11/28,36.36285479034594,36.36285479034594,36.26285479034595,36.312854790345945,17789194
2014/11/29,36.62131245113641,36.62131245113641,36.52131245113642,36.571312451136414,19878957
2014/11/30,36.62131245113641,36.62131245113641,36.52131245113642,36.571312451136414,19878957
2014/12/01,36.62131245113641,36.62131245113641,36.52131245113642,36.571312451136414,19878957
2014/12/02,36.213396029969694,36.213396029969694,36.1133960299697,36.1633960299697,20820957
2014/12/03,36.02373603904447,36.02373603904447,35.92373603904448,35.973736039044475,22770957
2014/12/04,36.09265431705937,36.09265431705937,35.992654317059376,36.04265431705937,22798731
2014/12/05,36.10035631312912,36.10035631312912,36.000356313129124,36.05035631312912,20621573
2014/12/06,36.20610334260542,36.20610334260542,36.10610334260542,36.15610334260542,22346573
2014/12/07,36.20610334260542,36.20610334260542,36.10610334260542,36.15610334260542,22346573
2014/12/08,36.20610334260542,36.20610334260542,36.10610334260542,36.15610334260542,22346573
2014/12/09,36.055543573851075,36.055543573851075,35.95554357385108,36.00554357385108,22122208
2014/12/10,36.024431211438525,36.024431211438525,35.92443121143853,35.97443121143853,22958286
2014/12/11,36.0775256828153,36.0775256828153,35.977525682815305,36.0275256828153,23625986
2014/12/12,36.041191625962384,36.041191625962384,35.94119162596239,35.99119162596239,24315233
2014/12/13,36.182282447781404,36.182282447781404,36.08228244778141,36.13228244778141,25209808
2014/12/14,36.182282447781404,36.182282447781404,36.08228244778141,36.13228244778141,25209808
2014/12/15,36.182282447781404,36.182282447781404,36.08228244778141,36.13228244778141,25209808
2014/12/16,36.115667052246415,36.115667052246415,36.01566705224642,36.06566705224642,25554808
2014/12/17,35.9805451692364,35.9805451692364,35.880545169236406,35.9305451692364,25797904
2014/12/18,35.66573085752509,35.66573085752509,35.5657308575251,35.615730857525094,24993302
2014/12/19,35.85125113863089,35.85125113863089,35.7512511386309,35.801251138630896,28384915
2014/12/20,35.22776473164132,35.22776473164132,35.12776473164133,35.177764731641325,26710084
2014/12/21,35.22776473164132,35.22776473164132,35.12776473164133,35.177764731641325,26710084
2014/12/22,35.22776473164132,35.22776473164132,35.12776473164133,35.177764731641325,26710084
2014/12/23,35.1560188061518,35.1560188061518,35.056018806151805,35.1060188061518,27042006
2014/12/24,35.24569282835257,35.24569282835257,35.14569282835257,35.19569282835257,28269006
2014/12/25,35.282025990082445,35.282025990082445,35.18202599008245,35.23202599008245,28930316
2014/12/26,34.746810200213204,34.746810200213204,34.64681020021321,34.69681020021321,25336316
2014/12/27,34.52572452879802,34.52572452879802,34.42572452879803,34.475724528798025,23934148
2014/12/28,34.52572452879802,34.52572452879802,34.42572452879803,34.475724528798025,23934148
2014/12/29,34.52572452879802,34.52572452879802,34.42572452879803,34.475724528798025,23934148
2014/12/30,34.408989410259466,34.408989410259466,34.30898941025947,34.35898941025947,23015304
2014/12/31,34.44366572898852,34.44366572898852,34.343665728988526,34.39366572898852,23689304
2015/01/01,34.36716102860936,34.36716102860936,34.267161028609365,34.31716102860936,23210304
2015/01/02,34.36716102860936,34.36716102860936,34.267161028609365,34.31716102860936,23210304
2015/01/03,34.36716102860936,34.36716102860936,34.267161028609365,34.31716102860936,23210304
2015/01/04,34.36716102860936,34.36716102860936,34.267161028609365,34.31716102860936,23210304
2015/01/05,34.36716102860936,34.36716102860936,34.267161028609365,34.31716102860936,23210304
2015/01/06,34.3433760317515,34.3433760317515,34.2433760317515,34.2933760317515,23290304
2015/01/07,34.35147427699897,34.35147427699897,34.25147427699898,34.301474276998974,25135450
2015/01/08,34.3663231755214,34.3663231755214,34.26632317552141,34.316323175521404,25985450
2015/01/09,34.376491399555384,34.376491399555384,34.27649139955539,34.32649139955539,27063679
2015/01/10,34.85800405271678,34.85800405271678,34.758004052716785,34.80800405271678,33324539
2015/01/11,34.85800405271678,34.85800405271678,34.758004052716785,34.80800405271678,33324539
2015/01/12,34.85800405271678,34.85800405271678,34.758004052716785,34.80800405271678,33324539
2015/01/13,34.51462863007455,34.51462863007455,34.41462863007455,34.46462863007455,31223029
2015/01/14,34.45845528808088,34.45845528808088,34.35845528808088,34.40845528808088,30565029
2015/01/15,34.437447988660125,34.437447988660125,34.33744798866013,34.38744798866013,31868378
2015/01/16,34.46420049441249,34.46420049441249,34.36420049441249,34.41420049441249,34540378
2015/01/17,34.49953855752814,34.49953855752814,34.399538557528146,34.44953855752814,36753836
2015/01/18,34.49953855752814,34.49953855752814,34.399538557528146,34.44953855752814,36753836
2015/01/19,34.49953855752814,34.49953855752814,34.399538557528146,34.44953855752814,36753836
2015/01/20,34.58232218179556,34.58232218179556,34.48232218179557,34.532322181795564,38713834
2015/01/21,34.37947515678854,34.37947515678854,34.27947515678854,34.32947515678854,38659388
2015/01/22,34.39658317713608,34.39658317713608,34.296583177136085,34.34658317713608,39751424
2015/01/23,34.38603874480187,34.38603874480187,34.28603874480188,34.336038744801876,39830580
2015/01/24,34.43148448662691,34.43148448662691,34.33148448662691,34.38148448662691,41597025
2015/01/25,34.43148448662691,34.43148448662691,34.33148448662691,34.38148448662691,41597025
2015/01/26,34.43148448662691,34.43148448662691,34.33148448662691,34.38148448662691,41597025
2015/01/27,34.43183549285154,34.43183549285154,34.331835492851546,34.38183549285154,41918097
2015/01/28,34.50310474556206,34.50310474556206,34.40310474556207,34.453104745562065,44594612
2015/01/29,34.45509874338553,34.45509874338553,34.35509874338553,34.40509874338553,41997274
2015/01/30,34.4939427840066,34.4939427840066,34.393942784006605,34.4439427840066,43360274
2015/01/31,34.52330102162171,34.52330102162171,34.42330102162172,34.473301021621715,44535274
2015/02/01,34.52330102162171,34.52330102162171,34.42330102162172,34.473301021621715,44535274
2015/02/02,34.52330102162171,34.52330102162171,34.42330102162172,34.473301021621715,44535274
2015/02/03,34.560790166839446,34.560790166839446,34.46079016683945,34.51079016683945,45689805
2015/02/04,34.557426825283564,34.557426825283564,34.45742682528357,34.50742682528357,44020418
2015/02/05,34.61710045912651,34.61710045912651,34.51710045912652,34.567100459126515,45267750
2015/02/06,34.6034409316965,34.6034409316965,34.5034409316965,34.5534409316965,45171750
2015/02/07,34.63978414857513,34.63978414857513,34.53978414857514,34.589784148575134,43832921
2015/02/08,34.63978414857513,34.63978414857513,34.53978414857514,34.589784148575134,43832921
2015/02/09,34.63978414857513,34.63978414857513,34.53978414857514,34.589784148575134,43832921
2015/02/10,34.694904063607716,34.694904063607716,34.59490406360772,34.64490406360772,44694931
2015/02/11,34.70128284729736,34.70128284729736,34.60128284729736,34.65128284729736,44677931
2015/02/12,34.64445246120201,34.64445246120201,34.54445246120201,34.59445246120201,42214030
2015/02/13,34.61806041963568,34.61806041963568,34.51806041963569,34.568060419635685,41318769
2015/02/14,34.63246552876023,34.63246552876023,34.532465528760234,34.58246552876023,41620039
2015/02/15,34.63246552876023,34.63246552876023,34.532465528760234,34.58246552876023,41620039
2015/02/16,34.63246552876023,34.63246552876023,34.532465528760234,34.58246552876023,41620039
2015/02/17,34.63246552876023,34.63246552876023,34.532465528760234,34.58246552876023,41620039
2015/02/18,34.63246552876023,34.63246552876023,34.532465528760234,34.58246552876023,41620039
2015/02/19,34.63246552876023,34.63246552876023,34.532465528760234,34.58246552876023,41620039
2015/02/20,34.63246552876023,34.63246552876023,34.532465528760234,34.58246552876023,41620039
2015/02/21,34.63246552876023,34.63246552876023,34.532465528760234,34.58246552876023,41620039
2015/02/22,34.63246552876023,34.63246552876023,34.532465528760234,34.58246552876023,41620039
2015/02/23,34.63246552876023,34.63246552876023,34.532465528760234,34.58246552876023,41620039
2015/02/24,34.63246552876023,34.63246552876023,34.532465528760234,34.58246552876023,41620039
2015/02/25,34.622029256146476,34.622029256146476,34.52202925614648,34.57202925614648,40066069
2015/02/26,34.724409059457095,34.724409059457095,34.6244090594571,34.6744090594571,40795729
2015/02/27,34.761077695203845,34.761077695203845,34.66107769520385,34.71107769520385,41412729
2015/02/28,34.761077695203845,34.761077695203845,34.66107769520385,34.71107769520385,41412729
2015/03/01,34.761077695203845,34.761077695203845,34.66107769520385,34.71107769520385,41412729
2015/03/02,34.761077695203845,34.761077695203845,34.66107769520385,34.71107769520385,41412729
2015/03/03,34.79044687518765,34.79044687518765,34.690446875187654,34.74044687518765,41269729
2015/03/04,35.0255290257082,35.0255290257082,34.92552902570821,34.975529025708205,43276240
2015/03/05,35.07051742073896,35.07051742073896,34.970517420738965,35.02051742073896,45235240
2015/03/06,35.051671056067555,35.051671056067555,34.95167105606756,35.00167105606756,44555240
2015/03/07,35.04788295576386,35.04788295576386,34.947882955763866,34.99788295576386,43563240
2015/03/08,35.04788295576386,35.04788295576386,34.947882955763866,34.99788295576386,43563240
2015/03/09,35.04788295576386,35.04788295576386,34.947882955763866,34.99788295576386,43563240
2015/03/10,35.04964686060556,35.04964686060556,34.94964686060557,34.999646860605566,44116240
2015/03/11,35.14164639164729,35.14164639164729,35.0416463916473,35.091646391647295,45934114
2015/03/12,35.15109359803782,35.15109359803782,35.05109359803782,35.10109359803782,46227114
2015/03/13,35.16351888769468,35.16351888769468,35.063518887694684,35.11351888769468,46613343
2015/03/14,35.152208441845325,35.152208441845325,35.05220844184533,35.10220844184533,46012343
2015/03/15,35.152208441845325,35.152208441845325,35.05220844184533,35.10220844184533,46012343
2015/03/16,35.152208441845325,35.152208441845325,35.05220844184533,35.10220844184533,46012343
2015/03/17,35.217067414450895,35.217067414450895,35.1170674144509,35.1670674144509,46490258
2015/03/18,35.24816733774059,35.24816733774059,35.148167337740595,35.19816733774059,46677717
2015/03/19,35.30367788297237,35.30367788297237,35.20367788297238,35.253677882972376,47237172
2015/03/20,35.343364515293935,35.343364515293935,35.24336451529394,35.29336451529394,49406172
2015/03/21,35.436989489411765,35.436989489411765,35.33698948941177,35.38698948941177,51760172
2015/03/22,35.436989489411765,35.436989489411765,35.33698948941177,35.38698948941177,51760172
2015/03/23,35.436989489411765,35.436989489411765,35.33698948941177,35.38698948941177,51760172
2015/03/24,35.45916705973328,35.45916705973328,35.35916705973329,35.409167059733285,50611915
2015/03/25,35.44543656222089,35.44543656222089,35.3454365622209,35.395436562220894,51568915
2015/03/26,35.42173175612887,35.42173175612887,35.32173175612888,35.371731756128874,52363225
2015/03/27,35.42175247060035,35.42175247060035,35.32175247060036,35.371752470600356,52486879
2015/03/28,35.43035795352373,35.43035795352373,35.33035795352374,35.380357953523735,53231379
2015/03/29,35.43035795352373,35.43035795352373,35.33035795352374,35.380357953523735,53231379
2015/03/30,35.43035795352373,35.43035795352373,35.33035795352374,35.380357953523735,53231379
2015/03/31,35.442617776128166,35.442617776128166,35.34261777612817,35.39261777612817,53806879
2015/04/01,35.4428563898629,35.4428563898629,35.3428563898629,35.3928563898629,53789879
2015/04/02,35.44283223130866,35.44283223130866,35.34283223130866,35.39283223130866,53649879
2015/04/03,35.472548098743445,35.472548098743445,35.37254809874345,35.42254809874345,52524579
2015/04/04,35.472548098743445,35.472548098743445,35.37254809874345,35.42254809874345,52524579
2015/04/05,35.472548098743445,35.472548098743445,35.37254809874345,35.42254809874345,52524579
2015/04/06,35.472548098743445,35.472548098743445,35.37254809874345,35.42254809874345,52524579
2015/04/07,35.472548098743445,35.472548098743445,35.37254809874345,35.42254809874345,52524579
2015/04/08,35.49802294408834,35.49802294408834,35.398022944088346,35.44802294408834,52148578
2015/04/09,35.47850480360937,35.47850480360937,35.378504803609374,35.42850480360937,52713578
2015/04/10,35.51543402435023,35.51543402435023,35.41543402435023,35.46543402435023,51234704
2015/04/11,35.529601093895636,35.529601093895636,35.42960109389564,35.47960109389564,50677804
2015/04/12,35.529601093895636,35.529601093895636,35.42960109389564,35.47960109389564,50677804
2015/04/13,35.529601093895636,35.529601093895636,35.42960109389564,35.47960109389564,50677804
2015/04/14,35.57591720149034,35.57591720149034,35.47591720149035,35.525917201490344,49077992
2015/04/15,35.65856745948825,35.65856745948825,35.55856745948826,35.608567459488256,46827856
2015/04/16,35.693861535562974,35.693861535562974,35.59386153556298,35.643861535562976,45466153
2015/04/17,35.68463137724687,35.68463137724687,35.58463137724688,35.634631377246876,45975153
2015/04/18,35.70553325960665,35.70553325960665,35.60553325960666,35.655533259606656,45590569
2015/04/19,35.70553325960665,35.70553325960665,35.60553325960666,35.655533259606656,45590569
2015/04/20,35.70553325960665,35.70553325960665,35.60553325960666,35.655533259606656,45590569
2015/04/21,35.70292687073204,35.70292687073204,35.60292687073205,35.652926870732045,44119569
2015/04/22,35.77185037693976,35.77185037693976,35.671850376939766,35.72185037693976,42144569
2015/04/23,35.747755072015195,35.747755072015195,35.6477550720152,35.6977550720152,42857795
2015/04/24,35.73128548500773,35.73128548500773,35.63128548500774,35.681285485007734,44497953
2015/04/25,35.735008460290786,35.735008460290786,35.63500846029079,35.68500846029079,43281953
2015/04/26,35.735008460290786,35.735008460290786,35.63500846029079,35.68500846029079,43281953
2015/04/27,35.735008460290786,35.735008460290786,35.63500846029079,35.68500846029079,43281953
2015/04/28,35.739648928923536,35.739648928923536,35.63964892892354,35.68964892892354,42420318
2015/04/29,35.775544213550425,35.775544213550425,35.67554421355043,35.72554421355043,42298318
2015/04/30,35.79105900805201,35.79105900805201,35.691059008052015,35.74105900805201,42543618
2015/05/01,35.81175755433935,35.81175755433935,35.71175755433936,35.761757554339354,41738618
2015/05/02,35.81175755433935,35.81175755433935,35.71175755433936,35.761757554339354,41738618
2015/05/03,35.81175755433935,35.81175755433935,35.71175755433936,35.761757554339354,41738618
2015/05/04,35.81175755433935,35.81175755433935,35.71175755433936,35.761757554339354,41738618
2015/05/05,35.820850794242254,35.820850794242254,35.72085079424226,35.77085079424226,42055887
2015/05/06,35.844362596815614,35.844362596815614,35.74436259681562,35.79436259681562,41787887
2015/05/07,35.872210829308486,35.872210829308486,35.77221082930849,35.82221082930849,39603791
2015/05/08,35.91280586776824,35.91280586776824,35.81280586776825,35.862805867768245,39293393
2015/05/09,35.97951249789547,35.97951249789547,35.879512497895476,35.92951249789547,38833780
2015/05/10,35.97951249789547,35.97951249789547,35.879512497895476,35.92951249789547,38833780
2015/05/11,35.97951249789547,35.97951249789547,35.879512497895476,35.92951249789547,38833780
2015/05/12,36.05966556680331,36.05966556680331,35.95966556680332,36.009665566803314,37026194
2015/05/13,35.91135632907104,35.91135632907104,35.811356329071046,35.86135632907104,38909194
2015/05/14,35.865646267049215,35.865646267049215,35.76564626704922,35.81564626704922,39451912
2015/05/15,35.819571640161925,35.819571640161925,35.71957164016193,35.76957164016193,41260912
2015/05/16,35.82361726402294,35.82361726402294,35.72361726402295,35.773617264022946,40026576
2015/05/17,35.82361726402294,35.82361726402294,35.72361726402295,35.773617264022946,40026576
2015/05/18,35.82361726402294,35.82361726402294,35.72361726402295,35.773617264022946,40026576
2015/05/19,35.79753916515505,35.79753916515505,35.69753916515506,35.747539165155054,41389576
2015/05/20,35.78547222574236,35.78547222574236,35.685472225742366,35.73547222574236,43218576
2015/05/21,35.770125425905505,35.770125425905505,35.67012542590551,35.72012542590551,45502576
2015/05/22,35.74259742607515,35.74259742607515,35.642597426075156,35.69259742607515,46684576
2015/05/23,35.7268354371708,35.7268354371708,35.626835437170804,35.6768354371708,47390576
2015/05/24,35.7268354371708,35.7268354371708,35.626835437170804,35.6768354371708,47390576
2015/05/25,35.7268354371708,35.7268354371708,35.626835437170804,35.6768354371708,47390576
2015/05/26,35.72563899335288,35.72563899335288,35.62563899335289,35.675638993352884,46921576
2015/05/27,35.73982817309329,35.73982817309329,35.63982817309329,35.68982817309329,46181576
2015/05/28,35.731691678848264,35.731691678848264,35.63169167884827,35.68169167884827,46010347
2015/05/29,35.75334638855189,35.75334638855189,35.653346388551896,35.70334638855189,44789047
2015/05/30,35.76038558137068,35.76038558137068,35.66038558137068,35.71038558137068,45038557
2015/05/31,35.76038558137068,35.76038558137068,35.66038558137068,35.71038558137068,45038557
2015/06/01,35.76038558137068,35.76038558137068,35.66038558137068,35.71038558137068,45038557
2015/06/02,35.75601552123803,35.75601552123803,35.65601552123803,35.70601552123803,45515957
2015/06/03,35.7737835003184,35.7737835003184,35.67378350031841,35.723783500318405,45363608
2015/06/04,35.79709641611986,35.79709641611986,35.69709641611986,35.74709641611986,43962608
2015/06/05,35.81714889726339,35.81714889726339,35.71714889726339,35.76714889726339,42577650
2015/06/06,35.73963152476224,35.73963152476224,35.639631524762244,35.68963152476224,43863650
2015/06/07,35.73963152476224,35.73963152476224,35.639631524762244,35.68963152476224,43863650
2015/06/08,35.73963152476224,35.73963152476224,35.639631524762244,35.68963152476224,43863650
2015/06/09,35.74930627569928,35.74930627569928,35.64930627569929,35.699306275699286,41998414
2015/06/10,35.71940187242603,35.71940187242603,35.61940187242604,35.669401872426036,41808414
2015/06/11,35.682820705986835,35.682820705986835,35.58282070598684,35.63282070598684,42116414
2015/06/12,35.56038974519575,35.56038974519575,35.460389745195755,35.51038974519575,42222313
2015/06/13,35.25096473225549,35.25096473225549,35.150964732255495,35.20096473225549,45026313
2015/06/14,35.25096473225549,35.25096473225549,35.150964732255495,35.20096473225549,45026313
2015/06/15,35.25096473225549,35.25096473225549,35.150964732255495,35.20096473225549,45026313
2015/06/16,35.156014161864725,35.156014161864725,35.05601416186473,35.10601416186473,42315278
2015/06/17,35.2213091448156,35.2213091448156,35.121309144815605,35.1713091448156,44763278
2015/06/18,35.06341689857931,35.06341689857931,34.96341689857932,35.013416898579315,43893176
2015/06/19,34.99100435549438,34.99100435549438,34.89100435549439,34.941004355494385,42355176
2015/06/20,34.99100435549438,34.99100435549438,34.89100435549439,34.941004355494385,42355176
2015/06/21,34.99100435549438,34.99100435549438,34.89100435549439,34.941004355494385,42355176
2015/06/22,34.99100435549438,34.99100435549438,34.89100435549439,34.941004355494385,42355176
2015/06/23,34.90539207332036,34.90539207332036,34.80539207332036,34.85539207332036,42529147
2015/06/24,34.9818899839669,34.9818899839669,34.88188998396691,34.931889983966904,44763758
2015/06/25,34.87202740650412,34.87202740650412,34.77202740650412,34.82202740650412,43334758
2015/06/26,34.82691865684557,34.82691865684557,34.72691865684558,34.776918656845574,42459758
2015/06/27,34.95857644885546,34.95857644885546,34.858576448855466,34.90857644885546,44298758
2015/06/28,34.95857644885546,34.95857644885546,34.858576448855466,34.90857644885546,44298758
2015/06/29,34.95857644885546,34.95857644885546,34.858576448855466,34.90857644885546,44298758
2015/06/30,34.914764896403426,34.914764896403426,34.81476489640343,34.86476489640343,43894758
2015/07/01,34.84652505807895,34.84652505807895,34.74652505807896,34.796525058078956,44957758
2015/07/02,34.92919136213713,34.92919136213713,34.82919136213714,34.879191362137135,46590759
2015/07/03,34.87764513499258,34.87764513499258,34.77764513499258,34.82764513499258,47956759
2015/07/04,34.853346249439916,34.853346249439916,34.75334624943992,34.80334624943992,48308759
2015/07/05,34.853346249439916,34.853346249439916,34.75334624943992,34.80334624943992,48308759
2015/07/06,34.853346249439916,34.853346249439916,34.75334624943992,34.80334624943992,48308759
2015/07/07,34.793384004709,34.793384004709,34.693384004709,34.743384004709,47447808
2015/07/08,34.62815736002509,34.62815736002509,34.5281573600251,34.578157360025095,47291754
2015/07/09,34.60662371450652,34.60662371450652,34.506623714506524,34.55662371450652,46724754
2015/07/10,34.56620951436009,34.56620951436009,34.466209514360095,34.51620951436009,46019754
2015/07/11,34.56620951436009,34.56620951436009,34.466209514360095,34.51620951436009,46019754
2015/07/12,34.56620951436009,34.56620951436009,34.466209514360095,34.51620951436009,46019754
2015/07/13,34.56620951436009,34.56620951436009,34.466209514360095,34.51620951436009,46019754
2015/07/14,34.31962116841359,34.31962116841359,34.219621168413596,34.26962116841359,41851754
2015/07/15,34.29013130881027,34.29013130881027,34.19013130881027,34.24013130881027,41222754
2015/07/16,34.23792328852417,34.23792328852417,34.13792328852418,34.187923288524175,42084754
2015/07/17,34.235088181609484,34.235088181609484,34.13508818160949,34.18508818160949,42302754
2015/07/18,34.20655781153924,34.20655781153924,34.10655781153925,34.156557811539244,43063858
2015/07/19,34.20655781153924,34.20655781153924,34.10655781153925,34.156557811539244,43063858
2015/07/20,34.20655781153924,34.20655781153924,34.10655781153925,34.156557811539244,43063858
2015/07/21,34.05883130692013,34.05883130692013,33.95883130692014,34.008831306920136,41949573
2015/07/22,34.008711954117345,34.008711954117345,33.90871195411735,33.95871195411735,42067129
2015/07/23,33.93513330604243,33.93513330604243,33.83513330604244,33.885133306042434,42798129
2015/07/24,33.84772260796352,33.84772260796352,33.747722607963524,33.79772260796352,43506029
2015/07/25,33.62824734590872,33.62824734590872,33.528247345908724,33.57824734590872,43365226
2015/07/26,33.62824734590872,33.62824734590872,33.528247345908724,33.57824734590872,43365226
2015/07/27,33.62824734590872,33.62824734590872,33.528247345908724,33.57824734590872,43365226
2015/07/28,33.53012626922756,33.53012626922756,33.430126269227564,33.48012626922756,43136226
2015/07/29,33.40264340924318,33.40264340924318,33.30264340924319,33.352643409243186,42428771
2015/07/30,33.241009821102445,33.241009821102445,33.14100982110245,33.19100982110245,41238771
2015/07/31,33.04012790545185,33.04012790545185,32.94012790545185,32.99012790545185,37974771
2015/08/01,33.09352962359589,33.09352962359589,32.9935296235959,33.043529623595894,38170771
2015/08/02,33.09352962359589,33.09352962359589,32.9935296235959,33.043529623595894,38170771
2015/08/03,33.09352962359589,33.09352962359589,32.9935296235959,33.043529623595894,38170771
2015/08/04,33.04301349035538,33.04301349035538,32.94301349035538,32.99301349035538,38648771
2015/08/05,33.047193892873985,33.047193892873985,32.94719389287399,32.99719389287399,37608771
2015/08/06,32.931661944230925,32.931661944230925,32.83166194423093,32.88166194423093,38670771
2015/08/07,32.88931058237288,32.88931058237288,32.789310582372885,32.83931058237288,38987271
2015/08/08,32.869583103246875,32.869583103246875,32.76958310324688,32.81958310324688,38463111
2015/08/09,32.869583103246875,32.869583103246875,32.76958310324688,32.81958310324688,38463111
2015/08/10,32.869583103246875,32.869583103246875,32.76958310324688,32.81958310324688,38463111
2015/08/11,32.880980987384135,32.880980987384135,32.78098098738414,32.83098098738414,38150111
2015/08/12,32.87731437828478,32.87731437828478,32.777314378284785,32.82731437828478,38366111
2015/08/13,32.81609322141574,32.81609322141574,32.71609322141575,32.766093221415744,37466111
2015/08/14,32.78893247827504,32.78893247827504,32.68893247827505,32.738932478275046,36458112
2015/08/15,32.691420109786556,32.691420109786556,32.59142010978656,32.64142010978656,37331112
2015/08/16,32.691420109786556,32.691420109786556,32.59142010978656,32.64142010978656,37331112
2015/08/17,32.691420109786556,32.691420109786556,32.59142010978656,32.64142010978656,37331112
2015/08/18,32.63938253060957,32.63938253060957,32.53938253060958,32.589382530609576,37810112
2015/08/19,32.617997650233946,32.617997650233946,32.51799765023395,32.56799765023395,37918132
2015/08/20,32.57154359394375,32.57154359394375,32.47154359394376,32.521543593943754,38047944
2015/08/21,32.57934655562333,32.57934655562333,32.47934655562334,32.529346555623334,38129944
2015/08/22,32.61514948619656,32.61514948619656,32.51514948619656,32.56514948619656,38267944
2015/08/23,32.61514948619656,32.61514948619656,32.51514948619656,32.56514948619656,38267944
2015/08/24,32.61514948619656,32.61514948619656,32.51514948619656,32.56514948619656,38267944
2015/08/25,32.59515277699804,32.59515277699804,32.49515277699805,32.545152776998044,37862944
2015/08/26,32.58380988639805,32.58380988639805,32.483809886398056,32.53380988639805,37475556
2015/08/27,32.54050472270888,32.54050472270888,32.44050472270889,32.490504722708884,37453556
2015/08/28,32.559734131501706,32.559734131501706,32.45973413150171,32.50973413150171,37545243
2015/08/29,32.529834412661586,32.529834412661586,32.42983441266159,32.47983441266159,35444243
2015/08/30,32.529834412661586,32.529834412661586,32.42983441266159,32.47983441266159,35444243
2015/08/31,32.529834412661586,32.529834412661586,32.42983441266159,32.47983441266159,35444243
2015/09/01,32.43154693959276,32.43154693959276,32.33154693959276,32.38154693959276,36720243
2015/09/02,32.439525768620605,32.439525768620605,32.33952576862061,32.38952576862061,35884243
2015/09/03,32.47220857455385,32.47220857455385,32.37220857455385,32.42220857455385,35755243
2015/09/04,32.41702370257624,32.41702370257624,32.31702370257624,32.36702370257624,34396243
2015/09/05,32.37724407002136,32.37724407002136,32.27724407002137,32.327244070021365,32735743
2015/09/06,32.37724407002136,32.37724407002136,32.27724407002137,32.327244070021365,32735743
2015/09/07,32.37724407002136,32.37724407002136,32.27724407002137,32.327244070021365,32735743
2015/09/08,32.38928956530349,32.38928956530349,32.2892895653035,32.339289565303496,32660743
2015/09/09,32.37015101029951,32.37015101029951,32.270151010299514,32.32015101029951,32235056
2015/09/10,32.338579156196644,32.338579156196644,32.23857915619665,32.28857915619665,31976238
2015/09/11,32.37103338504993,32.37103338504993,32.27103338504993,32.32103338504993,34129238
2015/09/12,32.28920294296095,32.28920294296095,32.189202942960954,32.23920294296095,34092238
2015/09/13,32.28920294296095,32.28920294296095,32.189202942960954,32.23920294296095,34092238
2015/09/14,32.28920294296095,32.28920294296095,32.189202942960954,32.23920294296095,34092238
2015/09/15,32.22176003945642,32.22176003945642,32.121760039456426,32.17176003945642,32651238
2015/09/16,32.23289655844346,32.23289655844346,32.13289655844346,32.18289655844346,32514378
2015/09/17,32.151371870992634,32.151371870992634,32.05137187099264,32.10137187099264,29861378
2015/09/18,32.10417527645059,32.10417527645059,32.004175276450596,32.05417527645059,28672660
2015/09/19,31.669028284015916,31.669028284015916,31.569028284015914,31.619028284015915,29066408
2015/09/20,31.669028284015916,31.669028284015916,31.569028284015914,31.619028284015915,29066408
2015/09/21,31.669028284015916,31.669028284015916,31.569028284015914,31.619028284015915,29066408
2015/09/22,31.69603182980735,31.69603182980735,31.596031829807348,31.64603182980735,30757744
2015/09/23,31.533788465169287,31.533788465169287,31.433788465169286,31.483788465169287,28702849
2015/09/24,31.310906118936863,31.310906118936863,31.21090611893686,31.260906118936862,26794849
2015/09/25,30.96941390990284,30.96941390990284,30.86941390990284,30.91941390990284,24539849
2015/09/26,30.790413486831092,30.790413486831092,30.69041348683109,30.74041348683109,23290849
2015/09/27,30.790413486831092,30.790413486831092,30.69041348683109,30.74041348683109,23290849
2015/09/28,30.790413486831092,30.790413486831092,30.69041348683109,30.74041348683109,23290849
2015/09/29,30.790413486831092,30.790413486831092,30.69041348683109,30.74041348683109,23290849
2015/09/30,30.790413486831092,30.790413486831092,30.69041348683109,30.74041348683109,23290849
2015/10/01,30.674392376404775,30.674392376404775,30.574392376404774,30.624392376404774,22268849
2015/10/02,30.517689532755625,30.517689532755625,30.417689532755624,30.467689532755625,21150849
2015/10/03,30.49668996009884,30.49668996009884,30.39668996009884,30.44668996009884,21512849
2015/10/04,30.49668996009884,30.49668996009884,30.39668996009884,30.44668996009884,21512849
2015/10/05,30.49668996009884,30.49668996009884,30.39668996009884,30.44668996009884,21512849
2015/10/06,30.39619643894417,30.39619643894417,30.29619643894417,30.34619643894417,20340849
2015/10/07,30.38648031773362,30.38648031773362,30.28648031773362,30.33648031773362,20059849
2015/10/08,30.144398888422167,30.144398888422167,30.044398888422165,30.094398888422166,19515284
2015/10/09,30.07133632972731,30.07133632972731,29.971336329727308,30.02133632972731,19004884
2015/10/10,30.07133632972731,30.07133632972731,29.971336329727308,30.02133632972731,19004884
2015/10/11,30.07133632972731,30.07133632972731,29.971336329727308,30.02133632972731,19004884
2015/10/12,30.07133632972731,30.07133632972731,29.971336329727308,30.02133632972731,19004884
2015/10/13,29.89202265540625,29.89202265540625,29.79202265540625,29.84202265540625,17690370
2015/10/14,29.776363375628186,29.776363375628186,29.676363375628185,29.726363375628186,16558370
2015/10/15,29.757275258906184,29.757275258906184,29.657275258906182,29.707275258906183,14965870
2015/10/16,29.548632126572627,29.548632126572627,29.448632126572626,29.498632126572627,13556870
2015/10/17,29.538345629709983,29.538345629709983,29.438345629709982,29.488345629709983,12588870
2015/10/18,29.538345629709983,29.538345629709983,29.438345629709982,29.488345629709983,12588870
2015/10/19,29.538345629709983,29.538345629709983,29.438345629709982,29.488345629709983,12588870
2015/10/20,29.913367586420204,29.913367586420204,29.813367586420203,29.863367586420203,14322870
2015/10/21,30.015806788744133,30.015806788744133,29.91580678874413,29.965806788744132,14510210
2015/10/22,29.97699586482646,29.97699586482646,29.87699586482646,29.92699586482646,13008866
2015/10/23,29.98761291044633,29.98761291044633,29.88761291044633,29.93761291044633,9823866
2015/10/24,29.972008690965907,29.972008690965907,29.872008690965906,29.922008690965907,10608901
2015/10/25,29.972008690965907,29.972008690965907,29.872008690965906,29.922008690965907,10608901
2015/10/26,29.972008690965907,29.972008690965907,29.872008690965906,29.922008690965907,10608901
2015/10/27,29.975861833524988,29.975861833524988,29.875861833524986,29.925861833524987,9476901
2015/10/28,29.99349443714416,29.99349443714416,29.89349443714416,29.94349443714416,8460003
2015/10/29,29.993930142555964,29.993930142555964,29.893930142555963,29.943930142555963,8681495
2015/10/30,30.026151254779524,30.026151254779524,29.926151254779523,29.976151254779523,7562084
2015/10/31,30.074812534535457,30.074812534535457,29.974812534535456,30.024812534535457,5708473
2015/11/01,30.074812534535457,30.074812534535457,29.974812534535456,30.024812534535457,5708473
2015/11/02,30.074812534535457,30.074812534535457,29.974812534535456,30.024812534535457,5708473
2015/11/03,30.101236979531077,30.101236979531077,30.001236979531075,30.051236979531076,5594473
2015/11/04,30.080588386429106,30.080588386429106,29.980588386429105,30.030588386429105,4836473
2015/11/05,30.064777143744806,30.064777143744806,29.964777143744804,30.014777143744805,4887473
2015/11/06,30.07712724159153,30.07712724159153,29.97712724159153,30.02712724159153,4162473
2015/11/07,30.198007584290686,30.198007584290686,30.098007584290684,30.148007584290685,1954473
2015/11/08,30.198007584290686,30.198007584290686,30.098007584290684,30.148007584290685,1954473
2015/11/09,30.198007584290686,30.198007584290686,30.098007584290684,30.148007584290685,1954473
2015/11/10,30.23497517803096,30.23497517803096,30.13497517803096,30.18497517803096,1657473
2015/11/11,30.463266843340737,30.463266843340737,30.363266843340735,30.413266843340736,365473
2015/11/12,33.5097440762165,33.609744076216494,33.5097440762165,33.5597440762165,355527
2015/11/13,33.58154460884907,33.681544608849066,33.58154460884907,33.63154460884907,783527
2015/11/14,34.247909544654945,34.34790954465494,34.247909544654945,34.29790954465494,3296133
2015/11/15,34.247909544654945,34.34790954465494,34.247909544654945,34.29790954465494,3296133
2015/11/16,34.247909544654945,34.34790954465494,34.247909544654945,34.29790954465494,3296133
2015/11/17,34.87141684449809,34.97141684449809,34.87141684449809,34.92141684449809,8990133
2015/11/18,35.65773404265261,35.75773404265261,35.65773404265261,35.70773404265261,15780133
2015/11/19,36.306763245671284,36.40676324567128,36.306763245671284,36.35676324567128,21627133
2015/11/20,37.02144624172444,37.121446241724435,37.02144624172444,37.07144624172444,26056133
2015/11/21,37.91363218916984,38.01363218916983,37.91363218916984,37.963632189169836,33889133
2015/11/22,37.91363218916984,38.01363218916983,37.91363218916984,37.963632189169836,33889133
2015/11/23,37.91363218916984,38.01363218916983,37.91363218916984,37.963632189169836,33889133
2015/11/24,38.383387312092864,38.48338731209286,38.383387312092864,38.43338731209286,38838133
2015/11/25,39.21352731714507,39.313527317145066,39.21352731714507,39.26352731714507,48903580
2015/11/26,39.41602077900216,39.516020779002154,39.41602077900216,39.46602077900216,51914580
2015/11/27,39.66060567931072,39.760605679310714,39.66060567931072,39.71060567931072,56702136
2015/11/28,39.64212852202146,39.74212852202145,39.64212852202146,39.692128522021456,59877136
2015/11/29,39.64212852202146,39.74212852202145,39.64212852202146,39.692128522021456,59877136
2015/11/30,39.64212852202146,39.74212852202145,39.64212852202146,39.692128522021456,59877136
2015/12/01,39.71620405274609,39.81620405274609,39.71620405274609,39.76620405274609,65578036
2015/12/02,39.64006008916857,39.740060089168566,39.64006008916857,39.69006008916857,68204191
2015/12/03,39.89725520247029,39.997255202470285,39.89725520247029,39.94725520247029,73995191
2015/12/04,39.93379107133435,40.03379107133434,39.93379107133435,39.983791071334345,76118191
2015/12/05,40.09633623016299,40.196336230162984,40.09633623016299,40.14633623016299,80619191
2015/12/06,40.09633623016299,40.196336230162984,40.09633623016299,40.14633623016299,80619191
2015/12/07,40.09633623016299,40.196336230162984,40.09633623016299,40.14633623016299,80619191
2015/12/08,40.158513953595886,40.25851395359588,40.158513953595886,40.20851395359588,78916191
2015/12/09,40.345225620192714,40.44522562019271,40.345225620192714,40.39522562019271,82769191
2015/12/10,40.363096168117,40.463096168117,40.363096168117,40.413096168117,84816191
2015/12/11,40.55754816060497,40.65754816060497,40.55754816060497,40.60754816060497,85985191
2015/12/12,40.468490860565595,40.56849086056559,40.468490860565595,40.51849086056559,85630144
2015/12/13,40.468490860565595,40.56849086056559,40.468490860565595,40.51849086056559,85630144
2015/12/14,40.468490860565595,40.56849086056559,40.468490860565595,40.51849086056559,85630144
2015/12/15,40.612092626556255,40.71209262655625,40.612092626556255,40.66209262655625,91972144
2015/12/16,40.88582944988087,40.98582944988087,40.88582944988087,40.93582944988087,96616484
2015/12/17,40.918350144351024,41.01835014435102,40.918350144351024,40.96835014435102,92044747
2015/12/18,41.142675061168916,41.24267506116891,41.142675061168916,41.19267506116891,97187747
2015/12/19,41.40789082620188,41.50789082620187,41.40789082620188,41.457890826201876,101893529
2015/12/20,41.40789082620188,41.50789082620187,41.40789082620188,41.457890826201876,101893529
2015/12/21,41.40789082620188,41.50789082620187,41.40789082620188,41.457890826201876,101893529
2015/12/22,41.54270759282459,41.642707592824586,41.54270759282459,41.59270759282459,102722911
2015/12/23,41.56309720335381,41.66309720335381,41.56309720335381,41.61309720335381,104865911
2015/12/24,41.53942593231978,41.639425932319774,41.53942593231978,41.58942593231978,105561310
2015/12/25,41.525326640770324,41.62532664077032,41.525326640770324,41.57532664077032,104719330
2015/12/26,41.53516113930826,41.63516113930825,41.53516113930826,41.585161139308255,105369330
2015/12/27,41.53516113930826,41.63516113930825,41.53516113930826,41.585161139308255,105369330
2015/12/28,41.53516113930826,41.63516113930825,41.53516113930826,41.585161139308255,105369330
2015/12/29,41.54514239972601,41.645142399726005,41.54514239972601,41.59514239972601,105529330
2015/12/30,41.638061947698596,41.73806194769859,41.638061947698596,41.68806194769859,106648027
2015/12/31,41.64660534522345,41.74660534522344,41.64660534522345,41.696605345223446,106635825
2016/01/01,41.719546150945874,41.81954615094587,41.719546150945874,41.76954615094587,107621437
2016/01/02,41.719546150945874,41.81954615094587,41.719546150945874,41.76954615094587,107621437
2016/01/03,41.719546150945874,41.81954615094587,41.719546150945874,41.76954615094587,107621437
2016/01/04,41.719546150945874,41.81954615094587,41.719546150945874,41.76954615094587,107621437
2016/01/05,41.708943472343535,41.80894347234353,41.708943472343535,41.75894347234353,105826437
2016/01/06,41.76392158379074,41.863921583790734,41.76392158379074,41.81392158379074,106795124
2016/01/07,41.928817582980834,42.02881758298083,41.928817582980834,41.97881758298083,106022124
2016/01/08,41.911839753887456,42.01183975388745,41.911839753887456,41.96183975388745,109450124
2016/01/09,42.02669615674878,42.12669615674877,42.02669615674878,42.076696156748774,110647770
2016/01/10,42.02669615674878,42.12669615674877,42.02669615674878,42.076696156748774,110647770
2016/01/11,42.02669615674878,42.12669615674877,42.02669615674878,42.076696156748774,110647770
2016/01/12,42.06210944052107,42.162109440521064,42.06210944052107,42.11210944052107,112967770
2016/01/13,42.14642674719749,42.24642674719748,42.14642674719749,42.196426747197485,116206770
2016/01/14,42.2164951972278,42.316495197227795,42.2164951972278,42.2664951972278,113599270
2016/01/15,42.23649708242497,42.33649708242496,42.23649708242497,42.286497082424965,113993630
2016/01/16,42.24450275961856,42.34450275961856,42.24450275961856,42.29450275961856,113696191
2016/01/17,42.24450275961856,42.34450275961856,42.24450275961856,42.29450275961856,113696191
2016/01/18,42.24450275961856,42.34450275961856,42.24450275961856,42.29450275961856,113696191
2016/01/19,42.24466938088983,42.344669380889826,42.24466938088983,42.29466938088983,112942126
2016/01/20,42.192957554542154,42.29295755454215,42.192957554542154,42.24295755454215,112224226
2016/01/21,42.15228955889716,42.252289558897154,42.15228955889716,42.20228955889716,114159226
2016/01/22,42.18686322898349,42.286863228983485,42.18686322898349,42.23686322898349,113782978
2016/01/23,42.206432944101905,42.3064329441019,42.206432944101905,42.2564329441019,114148978
2016/01/24,42.206432944101905,42.3064329441019,42.206432944101905,42.2564329441019,114148978
2016/01/25,42.206432944101905,42.3064329441019,42.206432944101905,42.2564329441019,114148978
2016/01/26,42.231617636711036,42.33161763671103,42.231617636711036,42.28161763671103,115065978
2016/01/27,42.25161970861196,42.351619708611956,42.25161970861196,42.30161970861196,115396173
2016/01/28,42.07423907350219,42.174239073502186,42.07423907350219,42.12423907350219,116459505
2016/01/29,42.029023643844695,42.12902364384469,42.029023643844695,42.07902364384469,116764505
2016/01/30,42.03718372772237,42.137183727722366,42.03718372772237,42.08718372772237,116432610
2016/01/31,42.03718372772237,42.137183727722366,42.03718372772237,42.08718372772237,116432610
2016/02/01,42.03718372772237,42.137183727722366,42.03718372772237,42.08718372772237,116432610
2016/02/02,41.99480371496559,42.094803714965586,41.99480371496559,42.04480371496559,119444610
2016/02/03,41.95969343879042,42.05969343879041,41.95969343879042,42.009693438790414,122102610
2016/02/04,41.94503908931865,42.04503908931864,41.94503908931865,41.995039089318645,122611946
2016/02/05,41.94503908931865,42.04503908931864,41.94503908931865,41.995039089318645,122611946
2016/02/06,41.94503908931865,42.04503908931864,41.94503908931865,41.995039089318645,122611946
2016/02/07,41.94503908931865,42.04503908931864,41.94503908931865,41.995039089318645,122611946
2016/02/08,41.94503908931865,42.04503908931864,41.94503908931865,41.995039089318645,122611946
2016/02/09,41.94503908931865,42.04503908931864,41.94503908931865,41.995039089318645,122611946
2016/02/10,41.94503908931865,42.04503908931864,41.94503908931865,41.995039089318645,122611946
2016/02/11,41.94503908931865,42.04503908931864,41.94503908931865,41.995039089318645,122611946
2016/02/12,41.94503908931865,42.04503908931864,41.94503908931865,41.995039089318645,122611946
2016/02/13,41.94503908931865,42.04503908931864,41.94503908931865,41.995039089318645,122611946
2016/02/14,41.94503908931865,42.04503908931864,41.94503908931865,41.995039089318645,122611946
2016/02/15,41.94503908931865,42.04503908931864,41.94503908931865,41.995039089318645,122611946
2016/02/16,41.94485498330283,42.04485498330283,41.94485498330283,41.99485498330283,121450946
2016/02/17,41.93490362693207,42.03490362693206,41.93490362693207,41.984903626932066,120494046
2016/02/18,41.913914614930015,42.01391461493001,41.913914614930015,41.96391461493001,121610046
2016/02/19,41.93802133487416,42.03802133487415,41.93802133487416,41.988021334874155,119745519
2016/02/20,41.96016323565943,42.060163235659424,41.96016323565943,42.01016323565943,121301155
2016/02/21,41.96016323565943,42.060163235659424,41.96016323565943,42.01016323565943,121301155
2016/02/22,41.96016323565943,42.060163235659424,41.96016323565943,42.01016323565943,121301155
2016/02/23,41.90576145881661,42.00576145881661,41.90576145881661,41.95576145881661,121738590
2016/02/24,41.91472486707858,42.01472486707858,41.91472486707858,41.96472486707858,122744174
2016/02/25,41.935678822733784,42.03567882273378,41.935678822733784,41.98567882273378,123898560
2016/02/26,41.95674867301448,42.056748673014475,41.95674867301448,42.00674867301448,123392560
2016/02/27,42.06770991726646,42.16770991726646,42.06770991726646,42.11770991726646,122600312
2016/02/28,42.06770991726646,42.16770991726646,42.06770991726646,42.11770991726646,122600312
2016/02/29,42.06770991726646,42.16770991726646,42.06770991726646,42.11770991726646,122600312
2016/03/01,42.06770991726646,42.16770991726646,42.06770991726646,42.11770991726646,122600312
2016/03/02,42.026651568031234,42.12665156803123,42.026651568031234,42.07665156803123,122934283
2016/03/03,42.0958568673956,42.19585686739559,42.0958568673956,42.145856867395594,122396283
2016/03/04,41.962789622253034,42.06278962225303,41.962789622253034,42.01278962225303,124870901
2016/03/05,41.92162833800697,42.02162833800696,41.92162833800697,41.971628338006965,125626241
2016/03/06,41.92162833800697,42.02162833800696,41.92162833800697,41.971628338006965,125626241
2016/03/07,41.92162833800697,42.02162833800696,41.92162833800697,41.971628338006965,125626241
2016/03/08,41.934130773114326,42.03413077311432,41.934130773114326,41.98413077311432,125009241
2016/03/09,41.939059262658915,42.03905926265891,41.939059262658915,41.98905926265891,124155995
2016/03/10,41.957123788843404,42.0571237888434,41.957123788843404,42.0071237888434,123770995
2016/03/11,41.99252042320453,42.092520423204526,41.99252042320453,42.04252042320453,122904995
2016/03/12,42.00735961507451,42.10735961507451,42.00735961507451,42.05735961507451,121781995
2016/03/13,42.00735961507451,42.10735961507451,42.00735961507451,42.05735961507451,121781995
2016/03/14,42.00735961507451,42.10735961507451,42.00735961507451,42.05735961507451,121781995
2016/03/15,42.01666335008583,42.11666335008582,42.01666335008583,42.066663350085825,122361487
2016/03/16,42.03261298445134,42.132612984451335,42.03261298445134,42.08261298445134,121791208
2016/03/17,42.113759022602906,42.2137590226029,42.113759022602906,42.1637590226029,120258208
2016/03/18,42.112427676825206,42.2124276768252,42.112427676825206,42.1624276768252,119228208
2016/03/19,42.165453071298714,42.26545307129871,42.165453071298714,42.21545307129871,122167208
2016/03/20,42.165453071298714,42.26545307129871,42.165453071298714,42.21545307129871,122167208
2016/03/21,42.165453071298714,42.26545307129871,42.165453071298714,42.21545307129871,122167208
2016/03/22,42.19342365467345,42.29342365467345,42.19342365467345,42.24342365467345,124434208
2016/03/23,42.226541993378454,42.32654199337845,42.226541993378454,42.27654199337845,123150792
2016/03/24,42.298143660618734,42.39814366061873,42.298143660618734,42.34814366061873,121027792
2016/03/25,42.302472410895916,42.40247241089591,42.302472410895916,42.35247241089591,120945792
2016/03/26,42.318213473140936,42.41821347314093,42.318213473140936,42.36821347314093,119695792
2016/03/27,42.318213473140936,42.41821347314093,42.318213473140936,42.36821347314093,119695792
2016/03/28,42.318213473140936,42.41821347314093,42.318213473140936,42.36821347314093,119695792
2016/03/29,42.340035385454435,42.44003538545443,42.340035385454435,42.39003538545443,118718792
2016/03/30,42.373199412981805,42.4731994129818,42.373199412981805,42.4231994129818,118687792
2016/03/31,42.646839276390544,42.74683927639054,42.646839276390544,42.69683927639054,123836056
2016/04/01,43.166233240467506,43.2662332404675,43.166233240467506,43.2162332404675,122067630
2016/04/02,43.61085652646886,43.71085652646885,43.61085652646886,43.660856526468855,118013235
2016/04/03,43.61085652646886,43.71085652646885,43.61085652646886,43.660856526468855,118013235
2016/04/04,43.61085652646886,43.71085652646885,43.61085652646886,43.660856526468855,118013235
2016/04/05,43.61085652646886,43.71085652646885,43.61085652646886,43.660856526468855,118013235
2016/04/06,43.61085652646886,43.71085652646885,43.61085652646886,43.660856526468855,118013235
2016/04/07,44.00989991046859,44.109899910468584,44.00989991046859,44.05989991046859,114962500
2016/04/08,44.23422366322342,44.33422366322341,44.23422366322342,44.284223663223415,112066687
2016/04/09,44.38105334748608,44.481053347486075,44.38105334748608,44.43105334748608,104849687
2016/04/10,44.38105334748608,44.481053347486075,44.38105334748608,44.43105334748608,104849687
2016/04/11,44.38105334748608,44.481053347486075,44.38105334748608,44.43105334748608,104849687
2016/04/12,44.587222572947994,44.68722257294799,44.587222572947994,44.63722257294799,101807687
2016/04/13,44.83887488943456,44.93887488943455,44.83887488943456,44.888874889434554,94241607
2016/04/14,44.889233179194655,44.98923317919465,44.889233179194655,44.93923317919465,92163607
2016/04/15,45.020309743558194,45.12030974355819,45.020309743558194,45.07030974355819,88409607
2016/04/16,45.18290683912695,45.282906839126944,45.18290683912695,45.23290683912695,87375607
2016/04/17,45.18290683912695,45.282906839126944,45.18290683912695,45.23290683912695,87375607
2016/04/18,45.18290683912695,45.282906839126944,45.18290683912695,45.23290683912695,87375607
2016/04/19,45.375380771095365,45.47538077109536,45.375380771095365,45.42538077109536,83212607
2016/04/20,45.42328908818321,45.523289088183205,45.42328908818321,45.47328908818321,81983240
2016/04/21,45.53504955412217,45.63504955412216,45.53504955412217,45.585049554122165,76258525
2016/04/22,45.67419825084318,45.77419825084318,45.67419825084318,45.72419825084318,76463525
2016/04/23,45.78237168637649,45.88237168637649,45.78237168637649,45.83237168637649,72648525
2016/04/24,45.78237168637649,45.88237168637649,45.78237168637649,45.83237168637649,72648525
2016/04/25,45.78237168637649,45.88237168637649,45.78237168637649,45.83237168637649,72648525
2016/04/26,45.99729421692372,46.097294216923714,45.99729421692372,46.04729421692372,76777185
2016/04/27,46.125271239473605,46.2252712394736,46.125271239473605,46.1752712394736,70413835
2016/04/28,46.17812116797687,46.27812116797686,46.17812116797687,46.228121167976866,68900097
2016/04/29,46.24326300002216,46.343263000022155,46.24326300002216,46.29326300002216,66140097
2016/04/30,46.23779803984813,46.337798039848124,46.23779803984813,46.28779803984813,68053144
2016/05/01,46.23779803984813,46.337798039848124,46.23779803984813,46.28779803984813,68053144
2016/05/02,46.23779803984813,46.337798039848124,46.23779803984813,46.28779803984813,68053144
2016/05/03,46.23779803984813,46.337798039848124,46.23779803984813,46.28779803984813,68053144
2016/05/04,46.424758235319366,46.52475823531936,46.424758235319366,46.474758235319364,59930144
2016/05/05,46.54302036277016,46.64302036277015,46.54302036277016,46.593020362770154,54653439
2016/05/06,46.44317755420419,46.543177554204185,46.44317755420419,46.49317755420419,57968176
2016/05/07,46.66694397449562,46.76694397449561,46.66694397449562,46.716943974495614,55063176
2016/05/08,46.66694397449562,46.76694397449561,46.66694397449562,46.716943974495614,55063176
2016/05/09,46.66694397449562,46.76694397449561,46.66694397449562,46.716943974495614,55063176
2016/05/10,46.86416558085067,46.96416558085066,46.86416558085067,46.914165580850664,50960707
2016/05/11,46.92173826433457,47.021738264334566,46.92173826433457,46.97173826433457,47230325
2016/05/12,46.99040809011492,47.09040809011491,46.99040809011492,47.040408090114916,44811325
2016/05/13,47.01001086019014,47.11001086019014,47.01001086019014,47.06001086019014,44762926
2016/05/14,46.95789787447226,47.05789787447225,46.95789787447226,47.007897874472256,44792953
2016/05/15,46.95789787447226,47.05789787447225,46.95789787447226,47.007897874472256,44792953
2016/05/16,46.95789787447226,47.05789787447225,46.95789787447226,47.007897874472256,44792953
2016/05/17,47.06081534015029,47.160815340150286,47.06081534015029,47.11081534015029,45674953
2016/05/18,47.08048399033805,47.18048399033805,47.08048399033805,47.13048399033805,45618283
2016/05/19,47.16746560028196,47.26746560028195,47.16746560028196,47.217465600281955,42804586
2016/05/20,47.26274667562198,47.36274667562198,47.26274667562198,47.31274667562198,44171788
2016/05/21,47.346155499973946,47.44615549997394,47.346155499973946,47.39615549997394,42456671
2016/05/22,47.346155499973946,47.44615549997394,47.346155499973946,47.39615549997394,42456671
2016/05/23,47.346155499973946,47.44615549997394,47.346155499973946,47.39615549997394,42456671
2016/05/24,47.33389923229374,47.43389923229373,47.33389923229374,47.383899232293736,45742836
2016/05/25,47.404480299925154,47.50448029992515,47.404480299925154,47.45448029992515,43695836
2016/05/26,47.47253076932808,47.572530769328075,47.47253076932808,47.52253076932808,41818055
2016/05/27,47.87348277980121,47.9734827798012,47.87348277980121,47.923482779801205,40660055
2016/05/28,48.099673351963105,48.1996733519631,48.099673351963105,48.1496733519631,38642209
2016/05/29,48.099673351963105,48.1996733519631,48.099673351963105,48.1496733519631,38642209
2016/05/30,48.099673351963105,48.1996733519631,48.099673351963105,48.1496733519631,38642209
2016/05/31,48.411609152005994,48.51160915200599,48.411609152005994,48.46160915200599,35815209
2016/06/01,48.9020908928815,49.0020908928815,48.9020908928815,48.9520908928815,30449209
2016/06/02,48.77112445500528,48.87112445500527,48.77112445500528,48.821124455005275,32444792
2016/06/03,48.8530239814439,48.95302398144389,48.8530239814439,48.903023981443894,30670033
2016/06/04,48.84465386035341,48.944653860353405,48.84465386035341,48.89465386035341,31082785
2016/06/05,48.84465386035341,48.944653860353405,48.84465386035341,48.89465386035341,31082785
2016/06/06,48.84465386035341,48.944653860353405,48.84465386035341,48.89465386035341,31082785
2016/06/07,48.75053189444807,48.85053189444807,48.75053189444807,48.80053189444807,31841032
2016/06/08,48.701656277606524,48.80165627760652,48.701656277606524,48.75165627760652,34367932
2016/06/09,48.892467964350914,48.99246796435091,48.892467964350914,48.94246796435091,31495339
2016/06/10,48.892467964350914,48.99246796435091,48.892467964350914,48.94246796435091,31495339
2016/06/11,48.892467964350914,48.99246796435091,48.892467964350914,48.94246796435091,31495339
2016/06/12,48.892467964350914,48.99246796435091,48.892467964350914,48.94246796435091,31495339
2016/06/13,48.892467964350914,48.99246796435091,48.892467964350914,48.94246796435091,31495339
2016/06/14,49.40576872316479,49.505768723164785,49.40576872316479,49.45576872316479,35524587
2016/06/15,49.499957622811046,49.59995762281104,49.499957622811046,49.54995762281104,33667036
2016/06/16,49.70833499838546,49.808334998385455,49.70833499838546,49.75833499838546,32979330
2016/06/17,49.887184840515985,49.98718484051598,49.887184840515985,49.93718484051598,33137850
2016/06/18,49.69729582428274,49.797295824282735,49.69729582428274,49.74729582428274,34108266
2016/06/19,49.69729582428274,49.797295824282735,49.69729582428274,49.74729582428274,34108266
2016/06/20,49.69729582428274,49.797295824282735,49.69729582428274,49.74729582428274,34108266
2016/06/21,49.65761408729541,49.7576140872954,49.65761408729541,49.707614087295404,33987546
2016/06/22,49.628280457664154,49.72828045766415,49.628280457664154,49.67828045766415,32492546
2016/06/23,49.94583508645585,50.145835086455854,49.94583508645585,50.04583508645585,29124546
2016/06/24,50.47928233091264,50.67928233091264,50.47928233091264,50.57928233091264,27656546
2016/06/25,50.525443122357885,50.72544312235789,50.525443122357885,50.625443122357886,27321210
2016/06/26,50.525443122357885,50.72544312235789,50.525443122357885,50.625443122357886,27321210
2016/06/27,50.525443122357885,50.72544312235789,50.525443122357885,50.625443122357886,27321210
2016/06/28,50.43376371660405,50.63376371660405,50.43376371660405,50.53376371660405,28779210
2016/06/29,50.275436192431684,50.47543619243169,50.275436192431684,50.375436192431685,28603297
2016/06/30,50.39716473676607,50.597164736766075,50.39716473676607,50.497164736766074,26806297
2016/07/01,50.181226274454446,50.38122627445445,50.181226274454446,50.28122627445445,28276824
2016/07/02,50.42545260736575,50.62545260736575,50.42545260736575,50.52545260736575,25746122
2016/07/03,50.42545260736575,50.62545260736575,50.42545260736575,50.52545260736575,25746122
2016/07/04,50.42545260736575,50.62545260736575,50.42545260736575,50.52545260736575,25746122
2016/07/05,50.57859217467362,50.77859217467362,50.57859217467362,50.67859217467362,26880122
2016/07/06,50.877748777540354,51.07774877754036,50.877748777540354,50.977748777540356,26296538
2016/07/07,51.082092264795776,51.28209226479578,51.082092264795776,51.18209226479578,23626638
2016/07/08,51.05624833545001,51.25624833545001,51.05624833545001,51.15624833545001,22910638
2016/07/09,51.05624833545001,51.25624833545001,51.05624833545001,51.15624833545001,22910638
2016/07/10,51.05624833545001,51.25624833545001,51.05624833545001,51.15624833545001,22910638
2016/07/11,51.05624833545001,51.25624833545001,51.05624833545001,51.15624833545001,22910638
2016/07/12,51.56204422604273,51.76204422604273,51.56204422604273,51.66204422604273,22994886
2016/07/13,51.512221497078315,51.71222149707832,51.512221497078315,51.612221497078316,22894363
2016/07/14,51.55426211242991,51.75426211242991,51.55426211242991,51.65426211242991,22360139
2016/07/15,51.60548626405381,51.80548626405381,51.60548626405381,51.70548626405381,20669521
2016/07/16,51.61672365772847,51.816723657728474,51.61672365772847,51.71672365772847,19547761
2016/07/17,51.61672365772847,51.816723657728474,51.61672365772847,51.71672365772847,19547761
2016/07/18,51.61672365772847,51.816723657728474,51.61672365772847,51.71672365772847,19547761
2016/07/19,51.56153172479456,51.761531724794565,51.56153172479456,51.661531724794564,19253761
2016/07/20,51.41981623235361,51.619816232353614,51.41981623235361,51.51981623235361,17963007
2016/07/21,51.83129232976198,52.03129232976198,51.83129232976198,51.93129232976198,18525371
2016/07/22,52.10679537510013,52.30679537510013,52.10679537510013,52.20679537510013,19185142
2016/07/23,51.93823170333991,52.13823170333991,51.93823170333991,52.03823170333991,19993142
2016/07/24,51.93823170333991,52.13823170333991,51.93823170333991,52.03823170333991,19993142
2016/07/25,51.93823170333991,52.13823170333991,51.93823170333991,52.03823170333991,19993142
2016/07/26,52.04532099852541,52.245320998525415,52.04532099852541,52.14532099852541,18196766
2016/07/27,51.984670765093185,52.18467076509319,51.984670765093185,52.084670765093186,18243435
2016/07/28,51.92961543812381,52.129615438123814,51.92961543812381,52.02961543812381,18272765
2016/07/29,51.74029207221663,51.940292072216636,51.74029207221663,51.840292072216634,19335930
2016/07/30,53.14682090624125,53.346820906241255,53.14682090624125,53.246820906241254,16047930
2016/07/31,53.14682090624125,53.346820906241255,53.14682090624125,53.246820906241254,16047930
2016/08/01,53.14682090624125,53.346820906241255,53.14682090624125,53.246820906241254,16047930
2016/08/02,53.747410181525396,53.9474101815254,53.747410181525396,53.8474101815254,13057425
2016/08/03,53.56472040948732,53.764720409487325,53.56472040948732,53.66472040948732,10963841
2016/08/04,53.35085052512513,53.550850525125135,53.35085052512513,53.450850525125134,8800641
2016/08/05,53.349619910939005,53.54961991093901,53.349619910939005,53.449619910939006,7778077
2016/08/06,53.19427266624515,53.39427266624515,53.19427266624515,53.29427266624515,8797177
2016/08/07,53.19427266624515,53.39427266624515,53.19427266624515,53.29427266624515,8797177
2016/08/08,53.19427266624515,53.39427266624515,53.19427266624515,53.29427266624515,8797177
2016/08/09,53.05297218059656,53.252972180596565,53.05297218059656,53.152972180596564,6614983
2016/08/10,53.153385082987455,53.35338508298746,53.153385082987455,53.25338508298746,1686983
2016/08/11,76.63150220289238,76.63150220289238,76.43150220289239,76.53150220289238,6639866
2016/08/12,70.99724214276542,70.99724214276542,70.79724214276543,70.89724214276542,16881440
2016/08/13,70.15463135376967,70.15463135376967,69.95463135376968,70.05463135376968,20839045
2016/08/14,70.15463135376967,70.15463135376967,69.95463135376968,70.05463135376968,20839045
2016/08/15,70.15463135376967,70.15463135376967,69.95463135376968,70.05463135376968,20839045
2016/08/16,69.6371919195443,69.6371919195443,69.43719191954432,69.53719191954431,22543650
2016/08/17,69.23661339892504,69.23661339892504,69.03661339892506,69.13661339892505,23696058
2016/08/18,69.20677733364083,69.20677733364083,69.00677733364084,69.10677733364084,24651523
2016/08/19,69.23492691576556,69.23492691576556,69.03492691576557,69.13492691576556,24992829
2016/08/20,69.13664805817432,69.13664805817432,68.93664805817433,69.03664805817432,26801537
2016/08/21,69.13664805817432,69.13664805817432,68.93664805817433,69.03664805817432,26801537
2016/08/22,69.13664805817432,69.13664805817432,68.93664805817433,69.03664805817432,26801537
2016/08/23,69.0479997998394,69.0479997998394,68.84799979983941,68.94799979983941,26656537
2016/08/24,68.97493412207777,68.97493412207777,68.77493412207778,68.87493412207778,26496207
2016/08/25,68.67072374747653,68.67072374747653,68.47072374747654,68.57072374747653,28594098
2016/08/26,68.50684435161222,68.50684435161222,68.30684435161223,68.40684435161222,27812098
2016/08/27,68.57035088888215,68.57035088888215,68.37035088888216,68.47035088888215,28527188
2016/08/28,68.57035088888215,68.57035088888215,68.37035088888216,68.47035088888215,28527188
2016/08/29,68.57035088888215,68.57035088888215,68.37035088888216,68.47035088888215,28527188
2016/08/30,68.61362501844414,68.61362501844414,68.41362501844415,68.51362501844415,26075473
2016/08/31,68.142791390107,68.142791390107,67.94279139010702,68.04279139010701,27095473
2016/09/01,68.19279985727546,68.19279985727546,67.99279985727547,68.09279985727547,27816573
2016/09/02,67.32769036411617,67.32769036411617,67.12769036411618,67.22769036411617,30811233
2016/09/03,67.96276469580641,67.96276469580641,67.76276469580642,67.86276469580642,26966883
2016/09/04,67.96276469580641,67.96276469580641,67.76276469580642,67.86276469580642,26966883
2016/09/05,67.96276469580641,67.96276469580641,67.76276469580642,67.86276469580642,26966883
2016/09/06,68.01665805267253,68.01665805267253,67.81665805267254,67.91665805267253,27256145
2016/09/07,68.1228052565277,68.1228052565277,67.92280525652771,68.0228052565277,25872145
2016/09/08,68.31186219546566,68.31186219546566,68.11186219546568,68.21186219546567,27272361
2016/09/09,68.85945012350385,68.85945012350385,68.65945012350386,68.75945012350385,25005335
2016/09/10,68.95025453764784,68.95025453764784,68.75025453764785,68.85025453764784,23676630
2016/09/11,68.95025453764784,68.95025453764784,68.75025453764785,68.85025453764784,23676630
2016/09/12,68.95025453764784,68.95025453764784,68.75025453764785,68.85025453764784,23676630
2016/09/13,69.15328322210075,69.15328322210075,68.95328322210077,69.05328322210076,19123739
2016/09/14,69.0607992405944,69.0607992405944,68.86079924059442,68.96079924059441,21945156
2016/09/15,68.82586295445525,68.82586295445525,68.62586295445526,68.72586295445525,17468803
2016/09/16,68.82586295445525,68.82586295445525,68.62586295445526,68.72586295445525,17468803
2016/09/17,68.82586295445525,68.82586295445525,68.62586295445526,68.72586295445525,17468803
2016/09/18,68.82586295445525,68.82586295445525,68.62586295445526,68.72586295445525,17468803
2016/09/19,68.82586295445525,68.82586295445525,68.62586295445526,68.72586295445525,17468803
2016/09/20,69.4984569387588,69.4984569387588,69.29845693875882,69.39845693875881,14150927
2016/09/21,72.2923575282932,72.2923575282932,72.0923575282932,72.1923575282932,15967986
2016/09/22,72.21309945310051,72.21309945310051,72.01309945310052,72.11309945310052,16163086
2016/09/23,75.33691671750933,75.33691671750933,75.13691671750934,75.23691671750933,20688113
2016/09/24,75.62515755055414,75.62515755055414,75.42515755055415,75.52515755055414,25592403
2016/09/25,75.62515755055414,75.62515755055414,75.42515755055415,75.52515755055414,25592403
2016/09/26,75.62515755055414,75.62515755055414,75.42515755055415,75.52515755055414,25592403
2016/09/27,75.5774310767214,75.5774310767214,75.37743107672141,75.4774310767214,24999413
2016/09/28,75.5774310767214,75.5774310767214,75.37743107672141,75.4774310767214,24999413
2016/09/29,75.5774310767214,75.5774310767214,75.37743107672141,75.4774310767214,24999413
2016/09/30,76.21765261634148,76.21765261634148,76.0176526163415,76.11765261634149,24583091
2016/10/01,75.68968113147999,75.68968113147999,75.48968113148,75.58968113147999,24884091
2016/10/02,75.68968113147999,75.68968113147999,75.48968113148,75.58968113147999,24884091
2016/10/03,75.68968113147999,75.68968113147999,75.48968113148,75.58968113147999,24884091
2016/10/04,76.23007354235031,76.23007354235031,76.03007354235032,76.13007354235032,26022647
2016/10/05,75.74113806558336,75.74113806558336,75.54113806558337,75.64113806558336,25323812
2016/10/06,76.07273337179105,76.07273337179105,75.87273337179106,75.97273337179105,23719812
2016/10/07,76.40850195254143,76.40850195254143,76.20850195254144,76.30850195254143,22479031
2016/10/08,75.85305990053689,75.85305990053689,75.6530599005369,75.7530599005369,23818031
2016/10/09,75.85305990053689,75.85305990053689,75.6530599005369,75.7530599005369,23818031
2016/10/10,75.85305990053689,75.85305990053689,75.6530599005369,75.7530599005369,23818031
2016/10/11,75.85305990053689,75.85305990053689,75.6530599005369,75.7530599005369,23818031
2016/10/12,75.80612327208281,75.80612327208281,75.60612327208283,75.70612327208282,21901831
2016/10/13,76.00516779255992,76.00516779255992,75.80516779255993,75.90516779255992,22603719
2016/10/14,76.50330928682241,76.50330928682241,76.30330928682243,76.40330928682242,19457719
2016/10/15,76.32194253895503,76.32194253895503,76.12194253895504,76.22194253895503,17633302
2016/10/16,76.32194253895503,76.32194253895503,76.12194253895504,76.22194253895503,17633302
2016/10/17,76.32194253895503,76.32194253895503,76.12194253895504,76.22194253895503,17633302
2016/10/18,76.71814687458001,76.71814687458001,76.51814687458003,76.61814687458002,13622903
2016/10/19,76.64600309266366,76.64600309266366,76.44600309266367,76.54600309266367,13545903
2016/10/20,76.64385056902842,76.64385056902842,76.44385056902843,76.54385056902842,12683264
2016/10/21,76.5150711230631,76.5150711230631,76.3150711230631,76.4150711230631,14287264
2016/10/22,77.0576027533148,77.0576027533148,76.85760275331481,76.9576027533148,13128891
2016/10/23,77.0576027533148,77.0576027533148,76.85760275331481,76.9576027533148,13128891
2016/10/24,77.0576027533148,77.0576027533148,76.85760275331481,76.9576027533148,13128891
2016/10/25,75.61285731187655,75.61285731187655,75.41285731187656,75.51285731187656,16210891
2016/10/26,76.00126132748238,76.00126132748238,75.8012613274824,75.90126132748239,13573196
2016/10/27,75.84691025989231,75.84691025989231,75.64691025989232,75.74691025989232,13599190
2016/10/28,75.61698975189148,75.61698975189148,75.41698975189149,75.51698975189149,10884905
2016/10/29,75.79501964408907,75.79501964408907,75.59501964408908,75.69501964408907,9104205
2016/10/30,75.79501964408907,75.79501964408907,75.59501964408908,75.69501964408907,9104205
2016/10/31,75.79501964408907,75.79501964408907,75.59501964408908,75.69501964408907,9104205
2016/11/01,75.9455214897113,75.9455214897113,75.74552148971131,75.8455214897113,7326485
2016/11/02,78.86380466220105,78.86380466220105,78.66380466220106,78.76380466220105,6781485
2016/11/03,80.07807266781745,80.07807266781745,79.87807266781746,79.97807266781746,7248485
2016/11/04,79.53000378239106,79.53000378239106,79.33000378239107,79.43000378239107,6995044
2016/11/05,79.54617611220137,79.54617611220137,79.34617611220138,79.44617611220137,5655044
2016/11/06,79.54617611220137,79.54617611220137,79.34617611220138,79.44617611220137,5655044
2016/11/07,79.54617611220137,79.54617611220137,79.34617611220138,79.44617611220137,5655044
2016/11/08,79.80632432050639,79.80632432050639,79.6063243205064,79.7063243205064,6418844
2016/11/09,80.70809429311815,80.70809429311815,80.50809429311816,80.60809429311816,4277031
2016/11/10,82.09149054326664,82.09149054326664,81.89149054326666,81.99149054326665,5107031
2016/11/11,82.15245187190412,82.15245187190412,81.95245187190413,82.05245187190413,3443295
2016/11/12,82.79379280921765,82.79379280921765,82.59379280921766,82.69379280921765,3505673
2016/11/13,82.79379280921765,82.79379280921765,82.59379280921766,82.69379280921765,3505673
2016/11/14,82.79379280921765,82.79379280921765,82.59379280921766,82.69379280921765,3505673
2016/11/15,82.39268568417886,82.39268568417886,82.19268568417887,82.29268568417886,3258673
2016/11/16,82.12709955337942,82.12709955337942,81.92709955337943,82.02709955337943,3295940
2016/11/17,148.01161151444768,149.01161151444768,148.01161151444768,148.51161151444768,93559
2016/11/18,87.45884811458183,87.65884811458182,87.45884811458183,87.55884811458182,3224955
2016/11/19,88.9933505047827,89.19335050478269,88.9933505047827,89.09335050478269,2207541
2016/11/20,88.9933505047827,89.19335050478269,88.9933505047827,89.09335050478269,2207541
2016/11/21,88.9933505047827,89.19335050478269,88.9933505047827,89.09335050478269,2207541
2016/11/22,88.11451576806301,88.314515768063,88.11451576806301,88.21451576806301,2220079
2016/11/23,87.54891341041687,87.74891341041686,87.54891341041687,87.64891341041687,4499895
2016/11/24,86.83333326597923,87.03333326597922,86.83333326597923,86.93333326597923,6615365
2016/11/25,87.1348473082119,87.33484730821189,87.1348473082119,87.2348473082119,8103125
2016/11/26,86.64603125882448,86.84603125882447,86.64603125882448,86.74603125882447,10041248
2016/11/27,86.64603125882448,86.84603125882447,86.64603125882448,86.74603125882447,10041248
2016/11/28,86.64603125882448,86.84603125882447,86.64603125882448,86.74603125882447,10041248
2016/11/29,86.50069443441969,86.70069443441967,86.50069443441969,86.60069443441968,10454334
2016/11/30,86.4187297062953,86.61872970629528,86.4187297062953,86.51872970629529,9430079
2016/12/01,86.17032302846553,86.37032302846552,86.17032302846553,86.27032302846553,10355620
2016/12/02,86.16735213393508,86.36735213393507,86.16735213393508,86.26735213393508,8749237
2016/12/03,86.3937347450197,86.59373474501969,86.3937347450197,86.4937347450197,8967845
2016/12/04,86.3937347450197,86.59373474501969,86.3937347450197,86.4937347450197,8967845
2016/12/05,86.3937347450197,86.59373474501969,86.3937347450197,86.4937347450197,8967845
2016/12/06,86.4130496268882,86.61304962688818,86.4130496268882,86.51304962688819,7566779
2016/12/07,86.42395334585672,86.6239533458567,86.42395334585672,86.52395334585671,7421189
2016/12/08,85.96421286748884,86.16421286748883,85.96421286748884,86.06421286748883,7784525
2016/12/09,84.89669500608434,85.09669500608433,84.89669500608434,84.99669500608434,8242525
2016/12/10,84.98797498350342,85.18797498350341,84.98797498350342,85.08797498350341,8919640
2016/12/11,84.98797498350342,85.18797498350341,84.98797498350342,85.08797498350341,8919640
2016/12/12,84.98797498350342,85.18797498350341,84.98797498350342,85.08797498350341,8919640
2016/12/13,85.3764813361143,85.57648133611428,85.3764813361143,85.47648133611429,9781640
2016/12/14,83.28310499778816,83.48310499778815,83.28310499778816,83.38310499778815,16817174
2016/12/15,83.343116405951,83.54311640595098,83.343116405951,83.44311640595099,16487423
2016/12/16,83.34161022110588,83.54161022110587,83.34161022110588,83.44161022110588,16361323
2016/12/17,83.40306740492669,83.60306740492668,83.40306740492669,83.50306740492668,18273566
2016/12/18,83.40306740492669,83.60306740492668,83.40306740492669,83.50306740492668,18273566
2016/12/19,83.40306740492669,83.60306740492668,83.40306740492669,83.50306740492668,18273566
2016/12/20,83.41634290667035,83.61634290667034,83.41634290667035,83.51634290667035,20999714
2016/12/21,83.3903605385382,83.59036053853819,83.3903605385382,83.4903605385382,22658879
2016/12/22,82.60545443952549,82.80545443952548,82.60545443952549,82.70545443952548,29952509
2016/12/23,82.20507485777722,82.40507485777721,82.20507485777722,82.30507485777721,32005509
2016/12/24,82.32779723100954,82.52779723100953,82.32779723100954,82.42779723100954,29707849
2016/12/25,82.32779723100954,82.52779723100953,82.32779723100954,82.42779723100954,29707849
2016/12/26,82.32779723100954,82.52779723100953,82.32779723100954,82.42779723100954,29707849
2016/12/27,82.36632423236748,82.56632423236746,82.36632423236748,82.46632423236747,28708070
2016/12/28,82.28800481924696,82.48800481924695,82.28800481924696,82.38800481924696,29486535
2016/12/29,82.38618136593978,82.58618136593977,82.38618136593978,82.48618136593977,27072273
2016/12/30,82.39245920623877,82.59245920623876,82.39245920623877,82.49245920623876,26702460
2016/12/31,82.4096884644077,82.60968846440768,82.4096884644077,82.50968846440769,26165460
2017/01/01,82.4096884644077,82.60968846440768,82.4096884644077,82.50968846440769,26165460
2017/01/02,82.4096884644077,82.60968846440768,82.4096884644077,82.50968846440769,26165460
2017/01/03,82.4096884644077,82.60968846440768,82.4096884644077,82.50968846440769,26165460
2017/01/04,82.44034183577963,82.64034183577962,82.44034183577963,82.54034183577963,25077130
2017/01/05,82.41487130265836,82.61487130265834,82.41487130265836,82.51487130265835,25714801
2017/01/06,82.4603776670828,82.66037766708278,82.4603776670828,82.56037766708279,23896730
2017/01/07,82.44883998000262,82.6488399800026,82.44883998000262,82.54883998000261,23814433
2017/01/08,82.44883998000262,82.6488399800026,82.44883998000262,82.54883998000261,23814433
2017/01/09,82.44883998000262,82.6488399800026,82.44883998000262,82.54883998000261,23814433
2017/01/10,82.01420198158085,82.21420198158084,82.01420198158085,82.11420198158085,23094449
2017/01/11,81.31790657303794,81.51790657303793,81.31790657303794,81.41790657303794,24815748
2017/01/12,80.90851162048233,81.10851162048232,80.90851162048233,81.00851162048232,28966483
2017/01/13,80.784950015626,80.98495001562598,80.784950015626,80.88495001562599,30754553
2017/01/14,80.58221131343602,80.78221131343601,80.58221131343602,80.68221131343601,30393295
2017/01/15,80.58221131343602,80.78221131343601,80.58221131343602,80.68221131343601,30393295
2017/01/16,80.58221131343602,80.78221131343601,80.58221131343602,80.68221131343601,30393295
2017/01/17,80.55602252761251,80.7560225276125,80.55602252761251,80.6560225276125,31250343
2017/01/18,80.28575700567313,80.48575700567312,80.28575700567313,80.38575700567313,34146511
2017/01/19,80.36007557518889,80.56007557518888,80.36007557518889,80.46007557518888,34688003
2017/01/20,80.19623905688515,80.39623905688514,80.19623905688515,80.29623905688514,35912350
2017/01/21,80.10627579955127,80.30627579955126,80.10627579955127,80.20627579955126,34975136
2017/01/22,80.10627579955127,80.30627579955126,80.10627579955127,80.20627579955126,34975136
2017/01/23,80.10627579955127,80.30627579955126,80.10627579955127,80.20627579955126,34975136
2017/01/24,79.5001792682653,79.70017926826529,79.5001792682653,79.6001792682653,32680686
2017/01/25,79.37398138978061,79.5739813897806,79.37398138978061,79.4739813897806,35073245
2017/01/26,79.37398138978061,79.5739813897806,79.37398138978061,79.4739813897806,35073245
2017/01/27,79.37398138978061,79.5739813897806,79.37398138978061,79.4739813897806,35073245
2017/01/28,79.37398138978061,79.5739813897806,79.37398138978061,79.4739813897806,35073245
2017/01/29,79.37398138978061,79.5739813897806,79.37398138978061,79.4739813897806,35073245
2017/01/30,79.37398138978061,79.5739813897806,79.37398138978061,79.4739813897806,35073245
2017/01/31,79.37398138978061,79.5739813897806,79.37398138978061,79.4739813897806,35073245
2017/02/01,79.37398138978061,79.5739813897806,79.37398138978061,79.4739813897806,35073245
2017/02/02,79.37398138978061,79.5739813897806,79.37398138978061,79.4739813897806,35073245
2017/02/03,78.65511874776875,78.85511874776874,78.65511874776875,78.75511874776875,29823928
2017/02/04,78.4177483896379,78.61774838963788,78.4177483896379,78.51774838963789,29176989
2017/02/05,78.4177483896379,78.61774838963788,78.4177483896379,78.51774838963789,29176989
2017/02/06,78.4177483896379,78.61774838963788,78.4177483896379,78.51774838963789,29176989
2017/02/07,78.88857337175527,79.08857337175526,78.88857337175527,78.98857337175527,31797363
2017/02/08,78.88238188809736,79.08238188809734,78.88238188809736,78.98238188809735,30692583
2017/02/09,79.5178432568749,79.71784325687489,79.5178432568749,79.61784325687489,35668188
2017/02/10,79.82730540595036,80.02730540595034,79.82730540595036,79.92730540595035,38787621
2017/02/11,79.77573590451625,79.97573590451624,79.77573590451625,79.87573590451625,38099554
2017/02/12,79.77573590451625,79.97573590451624,79.77573590451625,79.87573590451625,38099554
2017/02/13,79.77573590451625,79.97573590451624,79.77573590451625,79.87573590451625,38099554
2017/02/14,79.83448726243925,80.03448726243924,79.83448726243925,79.93448726243925,37781733
2017/02/15,79.75718525417545,79.95718525417544,79.75718525417545,79.85718525417545,36079347
2017/02/16,79.87124741514452,80.07124741514451,79.87124741514452,79.97124741514452,37747468
2017/02/17,79.71266743712299,79.91266743712298,79.71266743712299,79.81266743712298,34250265
2017/02/18,79.65191833494174,79.85191833494173,79.65191833494174,79.75191833494173,32509240
2017/02/19,79.65191833494174,79.85191833494173,79.65191833494174,79.75191833494173,32509240
2017/02/20,79.65191833494174,79.85191833494173,79.65191833494174,79.75191833494173,32509240
2017/02/21,79.55870681126429,79.75870681126428,79.55870681126429,79.65870681126428,32488402
2017/02/22,79.53638563885693,79.73638563885692,79.53638563885693,79.63638563885692,32041581
2017/02/23,79.21937580018152,79.41937580018151,79.21937580018152,79.31937580018152,30521524
2017/02/24,79.2956817786872,79.49568177868719,79.2956817786872,79.39568177868719,30053914
2017/02/25,79.12114271376453,79.32114271376452,79.12114271376453,79.22114271376452,27475325
2017/02/26,79.12114271376453,79.32114271376452,79.12114271376453,79.22114271376452,27475325
2017/02/27,79.12114271376453,79.32114271376452,79.12114271376453,79.22114271376452,27475325
2017/02/28,79.12114271376453,79.32114271376452,79.12114271376453,79.22114271376452,27475325
2017/03/01,79.12114271376453,79.32114271376452,79.12114271376453,79.22114271376452,27475325
2017/03/02,78.83594704485029,79.03594704485027,78.83594704485029,78.93594704485028,22940644
2017/03/03,78.38673585296914,78.58673585296913,78.38673585296914,78.48673585296913,20053457
2017/03/04,78.3383202045158,78.53832020451578,78.3383202045158,78.43832020451579,17521180
2017/03/05,78.3383202045158,78.53832020451578,78.3383202045158,78.43832020451579,17521180
2017/03/06,78.3383202045158,78.53832020451578,78.3383202045158,78.43832020451579,17521180
2017/03/07,78.18184842007474,78.38184842007473,78.18184842007474,78.28184842007474,15681118
2017/03/08,78.2748859538817,78.47488595388168,78.2748859538817,78.37488595388169,15649844
2017/03/09,78.30354469734235,78.50354469734233,78.30354469734235,78.40354469734234,15166953
2017/03/10,78.12719658512536,78.32719658512535,78.12719658512536,78.22719658512536,13643638
2017/03/11,77.76896610817481,77.9689661081748,77.76896610817481,77.8689661081748,12199714
2017/03/12,77.76896610817481,77.9689661081748,77.76896610817481,77.8689661081748,12199714
2017/03/13,77.76896610817481,77.9689661081748,77.76896610817481,77.8689661081748,12199714
2017/03/14,77.68224194099422,77.8822419409942,77.68224194099422,77.78224194099421,11759394
2017/03/15,77.02385884568872,77.22385884568871,77.02385884568872,77.12385884568872,7713346
2017/03/16,76.83794218273214,77.03794218273212,76.83794218273214,76.93794218273213,6421117
2017/03/17,76.71325075783916,76.91325075783915,76.71325075783916,76.81325075783916,4583496
2017/03/18,76.73875235840781,76.9387523584078,76.73875235840781,76.8387523584078,5842239
2017/03/19,76.73875235840781,76.9387523584078,76.73875235840781,76.8387523584078,5842239
2017/03/20,76.73875235840781,76.9387523584078,76.73875235840781,76.8387523584078,5842239
2017/03/21,76.87836317140804,77.07836317140803,76.87836317140804,76.97836317140803,6554884
2017/03/22,76.27977265433172,76.47977265433171,76.27977265433172,76.37977265433172,6014518
2017/03/23,75.85170849199758,76.05170849199757,75.85170849199758,75.95170849199758,4948612
2017/03/24,75.39698653593733,75.59698653593732,75.39698653593733,75.49698653593732,6513563
2017/03/25,74.95381785390803,75.15381785390802,74.95381785390803,75.05381785390803,6192110
2017/03/26,74.95381785390803,75.15381785390802,74.95381785390803,75.05381785390803,6192110
2017/03/27,74.95381785390803,75.15381785390802,74.95381785390803,75.05381785390803,6192110
2017/03/28,75.3531976702176,75.55319767021759,75.3531976702176,75.45319767021759,8191110
2017/03/29,74.93646322055615,75.13646322055614,74.93646322055615,75.03646322055614,6096374
2017/03/30,75.15820036580945,75.35820036580944,75.15820036580945,75.25820036580944,6760933
2017/03/31,74.9087237549129,75.10872375491289,74.9087237549129,75.0087237549129,5670734
2017/04/01,74.79522354428768,74.99522354428767,74.79522354428768,74.89522354428767,3783801
2017/04/02,74.79522354428768,74.99522354428767,74.79522354428768,74.89522354428767,3783801
2017/04/03,74.79522354428768,74.99522354428767,74.79522354428768,74.89522354428767,3783801
2017/04/04,74.79522354428768,74.99522354428767,74.79522354428768,74.89522354428767,3783801
2017/04/05,74.79522354428768,74.99522354428767,74.79522354428768,74.89522354428767,3783801
2017/04/06,73.89327134643277,74.09327134643276,73.89327134643277,73.99327134643276,620936
2017/04/07,69.87208010849263,69.87208010849263,69.67208010849264,69.77208010849263,3590460
2017/04/08,68.81445054659491,68.81445054659491,68.61445054659492,68.71445054659492,9392647
2017/04/09,68.81445054659491,68.81445054659491,68.61445054659492,68.71445054659492,9392647
2017/04/10,68.81445054659491,68.81445054659491,68.61445054659492,68.71445054659492,9392647
2017/04/11,68.822771483024,68.822771483024,68.62277148302401,68.722771483024,9777633
2017/04/12,68.85067455252299,68.85067455252299,68.650674552523,68.750674552523,13291335
2017/04/13,67.999814857015,67.999814857015,67.79981485701501,67.899814857015,18170805
2017/04/14,67.96891705663025,67.96891705663025,67.76891705663026,67.86891705663025,18782963
2017/04/15,67.56616853941838,67.56616853941838,67.3661685394184,67.46616853941839,21839086
2017/04/16,67.56616853941838,67.56616853941838,67.3661685394184,67.46616853941839,21839086
2017/04/17,67.56616853941838,67.56616853941838,67.3661685394184,67.46616853941839,21839086
2017/04/18,67.34314075205639,67.34314075205639,67.1431407520564,67.24314075205639,20949172
2017/04/19,66.8746301055602,66.8746301055602,66.67463010556021,66.7746301055602,21970556
2017/04/20,66.45943235514989,66.45943235514989,66.2594323551499,66.35943235514989,26082471
2017/04/21,65.93458183690205,65.93458183690205,65.73458183690207,65.83458183690206,25393050
2017/04/22,65.51832851238339,65.51832851238339,65.3183285123834,65.4183285123834,25038431
2017/04/23,65.51832851238339,65.51832851238339,65.3183285123834,65.4183285123834,25038431
2017/04/24,65.51832851238339,65.51832851238339,65.3183285123834,65.4183285123834,25038431
2017/04/25,64.96154823915559,64.96154823915559,64.7615482391556,64.8615482391556,24073820
2017/04/26,64.80363806747425,64.80363806747425,64.60363806747426,64.70363806747426,24481859
2017/04/27,64.53411055170338,64.53411055170338,64.33411055170339,64.43411055170338,26763435
2017/04/28,64.19290103740919,64.19290103740919,63.99290103740919,64.09290103740919,31748435
2017/04/29,63.993499981466826,63.993499981466826,63.79349998146682,63.893499981466825,33581045
2017/04/30,63.993499981466826,63.993499981466826,63.79349998146682,63.893499981466825,33581045
2017/05/01,63.993499981466826,63.993499981466826,63.79349998146682,63.893499981466825,33581045
2017/05/02,63.993499981466826,63.993499981466826,63.79349998146682,63.893499981466825,33581045
2017/05/03,63.61287475852048,63.61287475852048,63.41287475852048,63.51287475852048,30751828
2017/05/04,64.39207652385907,64.39207652385907,64.19207652385909,64.29207652385908,37003792
2017/05/05,63.96091499311239,63.96091499311239,63.76091499311239,63.86091499311239,38470477
2017/05/06,63.743634521915645,63.743634521915645,63.54363452191564,63.643634521915644,45993907
2017/05/07,63.743634521915645,63.743634521915645,63.54363452191564,63.643634521915644,45993907
2017/05/08,63.743634521915645,63.743634521915645,63.54363452191564,63.643634521915644,45993907
2017/05/09,63.577234641673805,63.577234641673805,63.3772346416738,63.4772346416738,47939661
2017/05/10,63.269354820069324,63.269354820069324,63.06935482006932,63.16935482006932,44794904
2017/05/11,63.24410135114597,63.24410135114597,63.04410135114597,63.14410135114597,44322504
2017/05/12,63.44650045743086,63.44650045743086,63.246500457430855,63.34650045743086,45149224
2017/05/13,63.816358955023645,63.816358955023645,63.61635895502364,63.716358955023644,48473181
2017/05/14,63.816358955023645,63.816358955023645,63.61635895502364,63.716358955023644,48473181
2017/05/15,63.816358955023645,63.816358955023645,63.61635895502364,63.716358955023644,48473181
2017/05/16,63.733928073671706,63.733928073671706,63.5339280736717,63.633928073671704,47617016
2017/05/17,63.96711793549746,63.96711793549746,63.76711793549746,63.86711793549746,49324013
2017/05/18,64.05555026389374,64.05555026389374,63.85555026389373,63.955550263893734,49682083
2017/05/19,63.97430193600684,63.97430193600684,63.774301936006836,63.87430193600684,49672245
2017/05/20,64.1359388742845,64.1359388742845,63.93593887428451,64.03593887428451,51136020
2017/05/21,64.1359388742845,64.1359388742845,63.93593887428451,64.03593887428451,51136020
2017/05/22,64.1359388742845,64.1359388742845,63.93593887428451,64.03593887428451,51136020
2017/05/23,64.28922494203978,64.28922494203978,64.08922494203979,64.18922494203979,52582448
2017/05/24,64.26216606676726,64.26216606676726,64.06216606676728,64.16216606676727,52601292
2017/05/25,64.26438180023077,64.26438180023077,64.06438180023078,64.16438180023077,52679072
2017/05/26,64.3601642145909,64.3601642145909,64.1601642145909,64.2601642145909,52311009
2017/05/27,64.24594921343405,64.24594921343405,64.04594921343406,64.14594921343405,51702298
2017/05/28,64.24594921343405,64.24594921343405,64.04594921343406,64.14594921343405,51702298
2017/05/29,64.24594921343405,64.24594921343405,64.04594921343406,64.14594921343405,51702298
2017/05/30,64.24594921343405,64.24594921343405,64.04594921343406,64.14594921343405,51702298
2017/05/31,64.24594921343405,64.24594921343405,64.04594921343406,64.14594921343405,51702298
2017/06/01,64.40255407348575,64.40255407348575,64.20255407348576,64.30255407348575,53492886
2017/06/02,64.73186289454245,64.73186289454245,64.53186289454246,64.63186289454245,56383290
2017/06/03,65.16917403521364,65.16917403521364,64.96917403521365,65.06917403521365,61212925
2017/06/04,65.16917403521364,65.16917403521364,64.96917403521365,65.06917403521365,61212925
2017/06/05,65.16917403521364,65.16917403521364,64.96917403521365,65.06917403521365,61212925
2017/06/06,65.37349081153006,65.37349081153006,65.17349081153007,65.27349081153007,62850995
2017/06/07,65.43195407398247,65.43195407398247,65.23195407398248,65.33195407398247,64170841
2017/06/08,65.51036413789731,65.51036413789731,65.31036413789732,65.41036413789732,64777889
2017/06/09,65.8420230728962,65.8420230728962,65.64202307289621,65.7420230728962,67146057
2017/06/10,65.95331021337142,65.95331021337142,65.75331021337144,65.85331021337143,68743333
2017/06/11,65.95331021337142,65.95331021337142,65.75331021337144,65.85331021337143,68743333
2017/06/12,65.95331021337142,65.95331021337142,65.75331021337144,65.85331021337143,68743333
2017/06/13,66.11675408085061,66.11675408085061,65.91675408085062,66.01675408085062,70738706
2017/06/14,66.15892047560986,66.15892047560986,65.95892047560987,66.05892047560987,71536959
2017/06/15,66.3685027910549,66.3685027910549,66.1685027910549,66.2685027910549,74984095
2017/06/16,66.5266069483819,66.5266069483819,66.32660694838191,66.4266069483819,76878657
2017/06/17,66.59050219318854,66.59050219318854,66.39050219318855,66.49050219318855,78574533
2017/06/18,66.59050219318854,66.59050219318854,66.39050219318855,66.49050219318855,78574533
2017/06/19,66.59050219318854,66.59050219318854,66.39050219318855,66.49050219318855,78574533
2017/06/20,66.68973765568889,66.68973765568889,66.4897376556889,66.5897376556889,80518960
2017/06/21,66.68740947172233,66.68740947172233,66.48740947172234,66.58740947172234,80663275
2017/06/22,66.62241700253983,66.62241700253983,66.42241700253985,66.52241700253984,80081226
2017/06/23,66.6328663080818,66.6328663080818,66.43286630808181,66.53286630808181,80526831
2017/06/24,66.63325120896037,66.63325120896037,66.43325120896039,66.53325120896038,80780974
2017/06/25,66.63325120896037,66.63325120896037,66.43325120896039,66.53325120896038,80780974
2017/06/26,66.63325120896037,66.63325120896037,66.43325120896039,66.53325120896038,80780974
2017/06/27,66.74186517146806,66.74186517146806,66.54186517146807,66.64186517146807,82474227
2017/06/28,66.72631142153193,66.72631142153193,66.52631142153194,66.62631142153194,82500167
2017/06/29,66.6907585833441,66.6907585833441,66.49075858334412,66.59075858334411,82053526
2017/06/30,66.69485202276547,66.69485202276547,66.49485202276549,66.59485202276548,81360974
2017/07/01,66.65720381816627,66.65720381816627,66.45720381816628,66.55720381816627,80983771
2017/07/02,66.65720381816627,66.65720381816627,66.45720381816628,66.55720381816627,80983771
2017/07/03,66.65720381816627,66.65720381816627,66.45720381816628,66.55720381816627,80983771
2017/07/04,66.63564487397142,66.63564487397142,66.43564487397143,66.53564487397142,80793746
2017/07/05,66.75533225322091,66.75533225322091,66.55533225322093,66.65533225322092,83272908
2017/07/06,66.75969435340805,66.75969435340805,66.55969435340806,66.65969435340806,83373466
2017/07/07,66.82889190137384,66.82889190137384,66.62889190137385,66.72889190137384,84547409
2017/07/08,66.8150249582746,66.8150249582746,66.61502495827462,66.71502495827461,84240193
2017/07/09,66.8150249582746,66.8150249582746,66.61502495827462,66.71502495827461,84240193
2017/07/10,66.8150249582746,66.8150249582746,66.61502495827462,66.71502495827461,84240193
2017/07/11,66.82477142588947,66.82477142588947,66.62477142588948,66.72477142588947,84183325
2017/07/12,66.74498962089118,66.74498962089118,66.54498962089119,66.64498962089118,80023166
2017/07/13,66.8004801262026,66.8004801262026,66.60048012620261,66.7004801262026,80457783
2017/07/14,66.72958648008803,66.72958648008803,66.52958648008804,66.62958648008804,78388206
2017/07/15,66.68758776905236,66.68758776905236,66.48758776905237,66.58758776905236,77352783
2017/07/16,66.68758776905236,66.68758776905236,66.48758776905237,66.58758776905236,77352783
2017/07/17,66.68758776905236,66.68758776905236,66.48758776905237,66.58758776905236,77352783
2017/07/18,66.69502662357087,66.69502662357087,66.49502662357088,66.59502662357087,77087509
2017/07/19,66.65952869594119,66.65952869594119,66.4595286959412,66.5595286959412,74926398
2017/07/20,66.62294542679889,66.62294542679889,66.4229454267989,66.5229454267989,73543083
2017/07/21,66.62872610535084,66.62872610535084,66.42872610535085,66.52872610535084,73321680
2017/07/22,66.62701124533966,66.62701124533966,66.42701124533967,66.52701124533966,72245660
2017/07/23,66.62701124533966,66.62701124533966,66.42701124533967,66.52701124533966,72245660
2017/07/24,66.62701124533966,66.62701124533966,66.42701124533967,66.52701124533966,72245660
2017/07/25,66.58333101495913,66.58333101495913,66.38333101495914,66.48333101495913,70124345
2017/07/26,66.58221414449102,66.58221414449102,66.38221414449103,66.48221414449102,68933026
2017/07/27,66.66145653278707,66.66145653278707,66.46145653278708,66.56145653278708,68859405
2017/07/28,66.66654837916319,66.66654837916319,66.4665483791632,66.5665483791632,67888148
2017/07/29,66.7268161679647,66.7268161679647,66.52681616796471,66.6268161679647,68044548
2017/07/30,66.7268161679647,66.7268161679647,66.52681616796471,66.6268161679647,68044548
2017/07/31,66.7268161679647,66.7268161679647,66.52681616796471,66.6268161679647,68044548
2017/08/01,66.7329398890821,66.7329398890821,66.53293988908212,66.63293988908211,68550623
2017/08/02,66.74864004624989,66.74864004624989,66.5486400462499,66.6486400462499,67576069
2017/08/03,66.81870973278447,66.81870973278447,66.61870973278448,66.71870973278448,68205220
2017/08/04,66.86888595154089,66.86888595154089,66.6688859515409,66.7688859515409,68874583
2017/08/05,66.89520376832793,66.89520376832793,66.69520376832794,66.79520376832794,69157583
2017/08/06,66.89520376832793,66.89520376832793,66.69520376832794,66.79520376832794,69157583
2017/08/07,66.89520376832793,66.89520376832793,66.69520376832794,66.79520376832794,69157583
2017/08/08,66.86809421592245,66.86809421592245,66.66809421592247,66.76809421592246,67975583
2017/08/09,66.86056853491093,66.86056853491093,66.66056853491094,66.76056853491093,67319698
2017/08/10,66.90635503154252,66.90635503154252,66.70635503154253,66.80635503154252,67435734
2017/08/11,66.83963793986494,66.83963793986494,66.63963793986495,66.73963793986495,65425514
2017/08/12,66.79468257851067,66.79468257851067,66.59468257851069,66.69468257851068,62843148
2017/08/13,66.79468257851067,66.79468257851067,66.59468257851069,66.69468257851068,62843148
2017/08/14,66.79468257851067,66.79468257851067,66.59468257851069,66.69468257851068,62843148
2017/08/15,66.73963155338126,66.73963155338126,66.53963155338127,66.63963155338126,60991148
2017/08/16,67.22039637534031,67.22039637534031,67.02039637534033,67.12039637534032,58688547
2017/08/17,67.27971335012077,67.27971335012077,67.07971335012078,67.17971335012078,58916134
2017/08/18,67.31417665570481,67.31417665570481,67.11417665570482,67.21417665570482,56545024
