Date,shares,TotalM,Open,High,Low,Close,Diff,Count
2012/05/15,0,0,--,--,--,--,,0
2012/05/16,0,0,--,--,--,--,,0
2012/05/17,0,0,--,--,--,--,,0
2012/05/18,20000,20600,1.03,1.03,1.03,1.03,-0.01,1
2012/05/21,0,0,--,--,--,--,,0
2012/05/22,20000,19800,0.99,0.99,0.99,0.99,-0.03,1
2012/05/23,64000,59680,1.01,1.01,0.93,0.93,-0.06,4
2012/05/24,86000,81440,0.94,0.95,0.93,0.95,0.02,3
2012/05/25,18000,17500,0.98,0.98,0.97,0.97,0.02,3
2012/05/28,0,0,--,--,--,--,,0
2012/05/29,0,0,--,--,--,--,,0
2012/05/30,2000,1780,0.89,0.89,0.89,0.89,0.01,1
2012/05/31,6000,5520,0.92,0.92,0.92,0.92,0.03,1
2012/06/01,0,0,--,--,--,--,,0
2012/06/04,15000,15850,1.05,1.10,1.02,1.02,0.06,3
2012/06/05,125000,120800,0.97,0.97,0.96,0.96,-0.06,3
2012/06/06,50000,46600,0.93,0.94,0.93,0.94,-0.02,3
2012/06/07,135000,127650,0.91,0.95,0.91,0.95,0.01,8
2012/06/08,0,0,--,--,--,--,,0
2012/06/11,0,0,--,--,--,--,,0
2012/06/12,40000,38000,0.95,0.95,0.95,0.95,0.03,2
2012/06/13,0,0,--,--,--,--,,0
2012/06/14,0,0,--,--,--,--,,0
2012/06/15,285000,246800,0.88,0.88,0.86,0.86,-0.05,8
2012/06/18,0,0,--,--,--,--,,0
2012/06/19,0,0,--,--,--,--,,0
2012/06/20,0,0,--,--,--,--,,0
2012/06/21,0,0,--,--,--,--,,0
2012/06/22,0,0,--,--,--,--,,0
2012/06/25,0,0,--,--,--,--,,0
2012/06/26,0,0,--,--,--,--,,0
2012/06/27,0,0,--,--,--,--,,0
2012/06/28,0,0,--,--,--,--,,0
2012/06/29,0,0,--,--,--,--,,0
2012/07/02,0,0,--,--,--,--,,0
2012/07/03,0,0,--,--,--,--,,0
2012/07/04,0,0,--,--,--,--,,0
2012/07/05,0,0,--,--,--,--,,0
2012/07/06,6000,3660,0.61,0.61,0.61,0.61,,1
2012/07/09,0,0,--,--,--,--,,0
2012/07/10,0,0,--,--,--,--,,0
2012/07/11,0,0,--,--,--,--,,0
2012/07/12,0,0,--,--,--,--,,0
2012/07/13,0,0,--,--,--,--,,0
2012/07/16,0,0,--,--,--,--,,0
2012/07/17,0,0,--,--,--,--,,0
2012/07/18,0,0,--,--,--,--,,0
2012/07/19,0,0,--,--,--,--,,0
2012/07/20,0,0,--,--,--,--,,0
2012/07/23,0,0,--,--,--,--,,0
2012/07/24,0,0,--,--,--,--,,0
2012/07/25,0,0,--,--,--,--,,0
2012/07/26,0,0,--,--,--,--,,0
2012/07/27,0,0,--,--,--,--,,0
2012/07/30,0,0,--,--,--,--,,0
2012/07/31,0,0,--,--,--,--,,0
2012/08/01,0,0,--,--,--,--,,0
2012/08/03,0,0,--,--,--,--,,0
2012/08/06,0,0,--,--,--,--,,0
2012/08/07,0,0,--,--,--,--,,0
2012/08/08,0,0,--,--,--,--,,0
2012/08/09,0,0,--,--,--,--,,0
2012/08/10,0,0,--,--,--,--,,0
2012/08/13,1000,400,0.40,0.40,0.40,0.40,,1
2012/08/14,1000,360,0.36,0.36,0.36,0.36,-0.04,1
2012/08/15,0,0,--,--,--,--,,0
2012/08/16,0,0,--,--,--,--,,0
2012/08/17,0,0,--,--,--,--,,0
2012/08/20,0,0,--,--,--,--,,0
2012/08/21,0,0,--,--,--,--,,0
2012/08/22,0,0,--,--,--,--,,0
2012/08/23,0,0,--,--,--,--,,0
2012/08/24,0,0,--,--,--,--,,0
2012/08/27,0,0,--,--,--,--,,0
2012/08/28,0,0,--,--,--,--,,0
2012/08/29,0,0,--,--,--,--,,0
2012/08/30,0,0,--,--,--,--,,0
2012/08/31,0,0,--,--,--,--,,0
2012/09/03,0,0,--,--,--,--,,0
2012/09/04,20000,3800,0.19,0.19,0.19,0.19,-0.01,1
2012/09/05,0,0,--,--,--,--,,0
2012/09/06,0,0,--,--,--,--,,0
2012/09/07,0,0,--,--,--,--,,0
2012/09/10,0,0,--,--,--,--,,0
2012/09/11,0,0,--,--,--,--,,0
2012/09/12,0,0,--,--,--,--,,0
2012/09/13,0,0,--,--,--,--,,0
2012/09/14,0,0,--,--,--,--,,0
2012/09/17,0,0,--,--,--,--,,0
2012/09/18,0,0,--,--,--,--,,0
2012/09/19,0,0,--,--,--,--,,0
2012/09/20,0,0,--,--,--,--,,0
2012/09/21,0,0,--,--,--,--,,0
2012/09/24,0,0,--,--,--,--,,0
2012/09/25,0,0,--,--,--,--,,0
2012/09/26,0,0,--,--,--,--,,0
2012/09/27,0,0,--,--,--,--,,0
2012/09/28,0,0,--,--,--,--,,0
2012/10/01,0,0,--,--,--,--,,0
2012/10/02,0,0,--,--,--,--,,0
2012/10/03,0,0,--,--,--,--,,0
2012/10/04,0,0,--,--,--,--,,0
2012/10/05,0,0,--,--,--,--,,0
2012/10/08,0,0,--,--,--,--,,0
2012/10/09,0,0,--,--,--,--,,0
2012/10/11,0,0,--,--,--,--,,0
2012/10/12,0,0,--,--,--,--,,0
2012/10/15,0,0,--,--,--,--,,0
2012/10/16,0,0,--,--,--,--,,0
2012/10/17,0,0,--,--,--,--,,0
2012/10/18,0,0,--,--,--,--,,0
2012/10/19,0,0,--,--,--,--,,0
2012/10/22,0,0,--,--,--,--,,0
2012/10/23,0,0,--,--,--,--,,0
2012/10/24,0,0,--,--,--,--,,0
2012/10/25,0,0,--,--,--,--,,0
2012/10/26,0,0,--,--,--,--,,0
2012/10/29,0,0,--,--,--,--,,0
2012/10/30,0,0,--,--,--,--,,0
2012/10/31,0,0,--,--,--,--,,0
2012/11/01,0,0,--,--,--,--,,0
2012/11/02,0,0,--,--,--,--,,0
2012/11/05,0,0,--,--,--,--,,0
2012/11/06,0,0,--,--,--,--,,0
2012/11/07,0,0,--,--,--,--,,0
2012/11/08,0,0,--,--,--,--,,0
2012/11/09,0,0,--,--,--,--,,0
2012/11/12,0,0,--,--,--,--,,0
2014/01/17,0,0,--,--,--,--,,0
2014/01/20,0,0,--,--,--,--,,0
2014/01/21,410000,499700,1.17,1.22,1.17,1.22,X,2
2014/01/22,410000,528500,1.29,1.29,1.25,1.25,0.03,2
2014/01/23,0,0,--,--,--,--,,0
2014/01/24,0,0,--,--,--,--,,0
2014/01/27,0,0,--,--,--,--,,0
2014/02/05,288000,434180,1.52,1.55,1.49,1.53,X,6
2014/02/06,811000,1242170,1.54,1.55,1.49,1.52,-0.01,9
2014/02/07,499000,720540,1.43,1.46,1.43,1.46,-0.06,5
2014/02/10,115000,165600,1.44,1.44,1.44,1.44,-0.02,3
2014/02/11,477000,760130,1.58,1.61,1.56,1.60,0.16,13
2014/02/12,870000,1243310,1.50,1.52,1.40,1.42,-0.18,7
2014/02/13,600000,825940,1.38,1.38,1.34,1.34,-0.08,3
2014/02/14,660000,840740,1.25,1.28,1.23,1.28,-0.06,9
2014/02/17,1001000,1256220,1.25,1.26,1.25,1.25,-0.03,4
2014/02/18,499000,638720,1.28,1.28,1.28,1.28,0.03,1
2014/02/19,0,0,--,--,--,--,,0
2014/02/20,0,0,--,--,--,--,,0
2014/02/21,50000,63300,1.26,1.27,1.26,1.27,X,2
2014/02/24,50000,61500,1.23,1.23,1.23,1.23,-0.04,1
2014/02/25,0,0,--,--,--,--,,0
2014/02/26,516000,624190,1.20,1.21,1.20,1.21,X,2
2014/02/27,109000,126440,1.16,1.16,1.16,1.16,-0.05,2
2014/03/03,1097000,1319370,1.23,1.23,1.20,1.20,0.04,8
2014/03/04,1521000,1871070,1.24,1.26,1.21,1.24,0.04,16
2014/03/05,519000,612420,1.18,1.18,1.18,1.18,-0.06,2
2014/03/06,499000,558880,1.12,1.12,1.12,1.12,-0.06,1
2014/03/07,998000,1057880,1.05,1.07,1.05,1.07,-0.05,2
2014/03/10,998000,1072850,1.09,1.09,1.06,1.06,-0.01,7
2014/03/11,0,0,--,--,--,--,,0
2014/03/12,0,0,--,--,--,--,,0
2014/03/13,0,0,--,--,--,--,,0
2014/03/14,0,0,--,--,--,--,,0
2014/03/17,499000,429140,0.86,0.86,0.86,0.86,X,1
2014/03/18,499000,434130,0.87,0.87,0.87,0.87,0.01,1
2014/03/19,0,0,--,--,--,--,,0
2014/03/20,503000,507990,1.01,1.01,1.00,1.00,X,2
2014/03/21,1008000,977860,0.98,0.98,0.96,0.98,-0.02,3
2014/03/24,609000,579840,0.96,0.98,0.91,0.91,-0.07,3
2014/03/25,100000,86000,0.86,0.86,0.86,0.86,-0.05,1
2014/03/26,0,0,--,--,--,--,,0
2014/03/27,0,0,--,--,--,--,,0
2014/03/28,1000,820,0.82,0.82,0.82,0.82,X,1
2014/03/31,998000,818360,0.82,0.82,0.82,0.82,,2
2014/04/01,998000,798400,0.80,0.80,0.80,0.80,-0.02,2
2014/04/02,1511000,1188640,0.78,0.80,0.78,0.78,-0.02,5
2014/04/03,998000,788420,0.79,0.79,0.79,0.79,0.01,2
2014/04/07,499000,384230,0.77,0.77,0.77,0.77,-0.02,1
2014/04/08,1996000,1482030,0.73,0.75,0.73,0.74,-0.03,4
2014/04/09,1996000,1437120,0.72,0.72,0.72,0.72,-0.02,4
2014/04/10,1996000,1467060,0.73,0.74,0.73,0.74,0.02,4
2014/04/11,3127000,2340290,0.74,0.76,0.74,0.74,,11
2014/04/14,2595000,1906320,0.74,0.76,0.69,0.70,-0.04,6
2014/04/15,2515000,1544030,0.63,0.63,0.59,0.61,-0.09,9
2014/04/16,1527000,946040,0.61,0.62,0.59,0.59,-0.02,6
2014/04/17,499000,299400,0.60,0.60,0.60,0.60,0.01,1
2014/04/18,1000,560,0.56,0.56,0.56,0.56,-0.04,1
2014/04/21,0,0,--,--,--,--,,0
2014/04/22,127000,69750,0.55,0.55,0.54,0.55,X,4
2014/04/23,499000,259480,0.52,0.52,0.52,0.52,-0.03,1
2014/04/24,499000,249500,0.50,0.50,0.50,0.50,-0.02,1
2014/04/25,519000,321380,0.62,0.62,0.60,0.60,0.10,2
2014/04/28,1607000,995150,0.66,0.66,0.59,0.60,,5
2014/04/29,1463000,825590,0.58,0.58,0.51,0.51,-0.09,7
2014/04/30,465000,255000,0.54,0.57,0.53,0.57,0.06,5
2014/05/02,50000,24000,0.48,0.48,0.48,0.48,-0.09,1
2014/05/05,1008000,433340,0.43,0.43,0.42,0.42,-0.06,3
2014/05/06,1048000,438160,0.42,0.42,0.38,0.38,-0.04,3
2014/05/07,0,0,--,--,--,--,,0
2014/05/08,0,0,--,--,--,--,,0
2014/05/09,0,0,--,--,--,--,,0
2014/05/12,0,0,--,--,--,--,,0
2014/05/13,0,0,--,--,--,--,,0
2014/05/14,0,0,--,--,--,--,,0
2014/05/15,0,0,--,--,--,--,,0
2014/05/16,0,0,--,--,--,--,,0
2014/05/19,0,0,--,--,--,--,,0
2014/05/20,0,0,--,--,--,--,,0
2014/05/21,0,0,--,--,--,--,,0
2014/05/22,0,0,--,--,--,--,,0
2014/05/23,0,0,--,--,--,--,,0
2014/05/26,0,0,--,--,--,--,,0
2014/05/27,0,0,--,--,--,--,,0
2014/05/28,0,0,--,--,--,--,,0
2014/05/29,0,0,--,--,--,--,,0
2014/05/30,0,0,--,--,--,--,,0
2014/06/03,98000,9800,0.10,0.10,0.10,0.10,X,1
2014/06/04,0,0,--,--,--,--,,0
2014/06/05,0,0,--,--,--,--,,0
2014/06/06,98000,7840,0.08,0.08,0.08,0.08,X,13
2014/06/09,0,0,--,--,--,--,,0
2014/06/10,0,0,--,--,--,--,,0
2014/06/11,0,0,--,--,--,--,,0
2014/06/12,0,0,--,--,--,--,,0
2014/06/13,0,0,--,--,--,--,,0
2014/06/16,0,0,--,--,--,--,,0
2014/06/17,0,0,--,--,--,--,,0
2014/06/18,0,0,--,--,--,--,,0
2014/06/19,0,0,--,--,--,--,,0
2014/06/20,0,0,--,--,--,--,,0
2014/06/23,0,0,--,--,--,--,,0
2014/06/24,0,0,--,--,--,--,,0
2014/06/25,0,0,--,--,--,--,,0
2014/06/26,0,0,--,--,--,--,,0
2014/06/27,0,0,--,--,--,--,,0
2014/06/30,0,0,--,--,--,--,,0
2014/07/01,0,0,--,--,--,--,,0
2014/07/02,0,0,--,--,--,--,,0
2014/07/03,0,0,--,--,--,--,,0
2014/07/04,0,0,--,--,--,--,,0
2014/07/07,0,0,--,--,--,--,,0
2014/07/08,0,0,--,--,--,--,,0
2014/07/09,0,0,--,--,--,--,,0
2014/07/10,0,0,--,--,--,--,,0
2014/07/11,0,0,--,--,--,--,,0
2014/07/14,0,0,--,--,--,--,,0
2015/07/27,30000,68500,2.26,2.33,2.26,2.33,0.50,3
2015/07/28,0,0,--,--,--,--,,0
2015/07/29,148000,330250,2.21,2.30,2.19,2.26,X,11
2015/07/30,192000,448690,2.33,2.41,2.29,2.38,0.12,13
2015/07/31,279000,652710,2.33,2.38,2.25,2.27,-0.11,7
2015/08/03,703000,1576670,2.15,2.31,2.15,2.30,0.03,25
2015/08/04,891000,2122300,2.23,2.87,2.23,2.69,0.39,41
2015/08/05,354000,886830,2.58,2.58,2.31,2.31,-0.38,20
2015/08/06,230000,504500,2.13,2.27,2.13,2.18,-0.13,21
2015/08/07,161000,334650,2.17,2.20,2.05,2.05,-0.13,7
2015/08/10,149000,292220,2.07,2.07,1.86,1.87,-0.18,9
2015/08/11,217000,399750,1.79,1.90,1.79,1.90,0.03,14
2015/08/12,165000,328700,2.01,2.01,1.93,1.98,0.08,13
2015/08/13,70000,130250,1.88,1.88,1.83,1.83,-0.15,8
2015/08/14,75000,139900,1.90,1.90,1.86,1.86,0.03,2
2015/08/17,291000,570200,1.91,2.06,1.88,2.05,0.19,11
2015/08/18,416000,828880,2.01,2.06,1.97,2.05,,14
2015/08/19,193000,426410,2.06,2.50,2.06,2.16,0.11,8
2015/08/20,106000,234810,2.18,2.26,2.18,2.19,0.03,10
2015/08/21,100000,254500,2.54,2.67,2.46,2.67,0.48,11
2015/08/24,112000,350390,3.11,3.32,2.95,2.95,0.28,17
2015/08/25,80000,208950,2.62,2.62,2.49,2.49,-0.46,2
2015/08/26,6000,15200,2.52,2.60,2.52,2.60,0.11,2
2015/08/27,0,0,--,--,--,--,,0
2015/08/28,40000,93600,2.22,2.36,2.22,2.36,X,5
2015/08/31,50000,117900,2.37,2.37,2.33,2.33,-0.03,3
2015/09/01,20000,47200,2.36,2.36,2.36,2.36,0.03,1
2015/09/02,61000,149470,2.45,2.48,2.40,2.40,0.04,9
2015/09/03,21000,51320,2.46,2.52,2.42,2.52,0.12,3
2015/09/04,41000,104530,2.51,2.59,2.51,2.59,0.07,5
2015/09/07,76000,184160,2.38,2.46,2.38,2.43,-0.16,6
2015/09/08,6000,15060,2.51,2.51,2.51,2.51,0.08,1
2015/09/09,14000,31490,2.42,2.42,2.05,2.05,-0.46,3
2015/09/10,5000,11200,2.24,2.24,2.24,2.24,0.19,1
2015/09/11,5000,10900,2.18,2.18,2.18,2.18,-0.06,1
2015/09/14,0,0,--,--,--,--,,0
2015/09/15,0,0,--,--,--,--,,0
2015/09/16,0,0,--,--,--,--,,0
2015/09/17,5000,10250,2.05,2.05,2.05,2.05,X,1
2015/09/18,7000,14000,2.00,2.00,2.00,2.00,-0.05,1
2015/09/21,12000,24720,2.06,2.06,2.06,2.06,0.06,2
2015/09/22,2000,4080,2.04,2.04,2.04,2.04,-0.02,1
2015/09/23,23000,47850,2.07,2.15,2.07,2.15,0.11,2
2015/09/24,555000,1262630,2.06,2.37,2.06,2.31,0.16,17
2015/09/25,591000,1291210,2.24,2.25,2.14,2.14,-0.17,17
2015/09/30,35000,73290,2.11,2.11,1.99,1.99,-0.15,3
2015/10/01,183000,359730,1.95,1.99,1.91,1.91,-0.08,4
2015/10/02,273000,527080,1.96,1.96,1.90,1.90,-0.01,3
2015/10/05,373000,693860,1.83,1.93,1.83,1.93,0.03,11
2015/10/06,539000,988470,1.83,1.89,1.79,1.88,-0.05,12
2015/10/07,460000,889220,1.93,1.97,1.87,1.87,-0.01,17
2015/10/08,313000,565530,1.81,1.87,1.73,1.87,,23
2015/10/12,260000,487300,1.86,1.89,1.85,1.86,-0.01,13
2015/10/13,338000,638250,1.91,1.91,1.83,1.89,0.03,12
2015/10/14,303000,569280,1.85,1.89,1.85,1.89,,10
2015/10/15,364000,692900,1.87,1.94,1.86,1.94,0.05,9
2015/10/16,1500000,3055600,1.94,2.17,1.94,2.16,0.22,38
2015/10/19,2067000,4496170,2.10,2.29,2.10,2.29,0.13,57
2015/10/20,1311000,2896630,2.19,2.28,2.15,2.25,-0.04,37
2015/10/21,1134000,2567500,2.25,2.33,2.20,2.20,-0.05,25
2015/10/22,512000,1095810,2.17,2.17,2.10,2.14,-0.06,23
2015/10/23,116000,237020,2.05,2.06,2.00,2.02,-0.12,13
2015/10/26,497000,945780,1.89,1.92,1.88,1.92,-0.10,9
2015/10/27,447000,950060,2.04,2.20,2.03,2.20,0.28,18
2015/10/28,342000,737930,2.14,2.24,2.13,2.24,0.04,14
2015/10/29,257000,564900,2.12,2.24,2.12,2.22,-0.02,9
2015/10/30,329000,810700,2.41,2.52,2.36,2.37,0.15,13
2015/11/02,186000,425350,2.36,2.36,2.23,2.25,-0.12,8
2015/11/03,293000,615800,2.20,2.20,2.04,2.04,-0.21,11
2015/11/04,286000,551550,1.98,1.99,1.90,1.96,-0.08,11
2015/11/05,222000,432930,1.92,2.00,1.88,1.97,0.01,15
2015/11/06,575000,1105680,1.88,2.01,1.87,1.97,,17
2015/11/09,1322000,2591040,1.93,2.11,1.90,2.11,0.14,28
2015/11/10,1411000,2978440,2.17,2.17,2.06,2.13,0.02,26
2015/11/11,1048000,2305430,2.14,2.24,2.12,2.24,0.11,19
2015/11/12,1597000,3692380,2.17,2.38,2.17,2.38,0.14,30
2015/11/13,1073000,2474580,2.40,2.40,2.25,2.29,-0.09,24
2015/11/16,0,0,--,--,--,--,,0
2015/11/17,11000,24550,2.23,2.25,2.23,2.25,X,2
2015/11/18,21000,47700,2.27,2.30,2.27,2.27,0.02,3
2015/11/19,21000,46690,2.22,2.23,2.19,2.19,-0.08,3
2015/11/20,20000,43800,2.16,2.22,2.16,2.22,0.03,2
2015/11/23,30000,64700,2.17,2.17,2.15,2.15,-0.07,3
2015/11/24,20000,45200,2.26,2.26,2.26,2.26,0.11,2
2015/11/25,26000,56960,2.17,2.26,2.17,2.20,-0.06,3
2015/11/26,10000,21700,2.17,2.17,2.17,2.17,-0.03,1
2015/11/27,10000,21200,2.12,2.12,2.12,2.12,-0.05,1
2015/11/30,20000,44400,2.24,2.24,2.20,2.20,0.08,2
2015/12/01,15000,31050,2.08,2.08,2.05,2.05,-0.15,2
2015/12/02,0,0,--,--,--,--,,0
2015/12/03,20000,40100,1.99,2.02,1.99,2.02,X,2
2015/12/04,26000,55990,2.15,2.17,2.13,2.13,0.11,4
2015/12/07,10000,19850,1.95,2.02,1.95,2.02,-0.11,2
2015/12/08,19000,37670,2.00,2.04,1.94,1.99,-0.03,5
2015/12/09,13000,26240,2.03,2.03,1.98,1.98,-0.01,2
2015/12/10,45000,93890,2.05,2.15,2.05,2.12,0.14,8
2015/12/11,11000,25930,2.33,2.36,2.33,2.36,0.24,2
2015/12/14,21000,56060,2.73,2.73,2.61,2.61,0.25,4
2015/12/15,0,0,--,--,--,--,,0
2015/12/16,20000,57600,2.88,2.88,2.88,2.88,X,1
2015/12/17,0,0,--,--,--,--,,0
2015/12/18,0,0,--,--,--,--,,0
2015/12/21,7000,21210,3.03,3.03,3.03,3.03,X,1
2015/12/22,0,0,--,--,--,--,,0
2015/12/23,0,0,--,--,--,--,,0
2015/12/24,0,0,--,--,--,--,,0
2015/12/25,0,0,--,--,--,--,,0
2015/12/28,0,0,--,--,--,--,,0
2015/12/29,0,0,--,--,--,--,,0
2015/12/30,0,0,--,--,--,--,,0
2015/12/31,0,0,--,--,--,--,,0
2016/01/04,0,0,--,--,--,--,,0
2016/01/05,0,0,--,--,--,--,,0
2016/01/06,6000,24060,4.01,4.01,4.01,4.01,X,1
2016/01/07,0,0,--,--,--,--,,0
2016/01/08,0,0,--,--,--,--,,0
2016/01/11,0,0,--,--,--,--,,0
2016/01/12,0,0,--,--,--,--,,0
2016/01/13,0,0,--,--,--,--,,0
2016/01/14,0,0,--,--,--,--,,0
2016/01/15,0,0,--,--,--,--,,0
2016/01/18,0,0,--,--,--,--,,0
2016/01/19,0,0,--,--,--,--,,0
2016/01/20,0,0,--,--,--,--,,0
2016/01/21,0,0,--,--,--,--,,0
2016/01/22,0,0,--,--,--,--,,0
2016/01/25,0,0,--,--,--,--,,0
2016/01/26,0,0,--,--,--,--,,0
2016/01/27,0,0,--,--,--,--,,0
2016/01/28,0,0,--,--,--,--,,0
2016/01/29,0,0,--,--,--,--,,0
2016/02/01,0,0,--,--,--,--,,0
2016/02/02,0,0,--,--,--,--,,0
2016/02/03,0,0,--,--,--,--,,0
2016/02/15,0,0,--,--,--,--,,0
2016/02/16,0,0,--,--,--,--,,0
2016/02/17,0,0,--,--,--,--,,0
2016/02/18,0,0,--,--,--,--,,0
2016/02/19,0,0,--,--,--,--,,0
2016/02/22,0,0,--,--,--,--,,0
2016/02/23,0,0,--,--,--,--,,0
2016/02/24,0,0,--,--,--,--,,0
2016/10/28,0,0,--,--,--,--,,0
2016/10/31,95000,97850,1.03,1.03,1.03,1.03,X,1
2016/11/01,594000,607780,1.04,1.04,1.02,1.02,-0.01,4
2016/11/02,576000,594050,1.04,1.04,1.03,1.03,0.01,6
2016/11/03,77000,80080,1.04,1.04,1.04,1.04,0.01,1
2016/11/04,0,0,--,--,--,--,,0
2016/11/07,0,0,--,--,--,--,,0
2016/11/08,0,0,--,--,--,--,,0
2016/11/09,153000,163930,1.05,1.14,1.05,1.14,X,3
2016/11/10,149000,160920,1.08,1.08,1.08,1.08,-0.06,2
2016/11/11,50000,59220,1.16,1.20,1.16,1.20,0.12,5
2016/11/14,96000,117400,1.20,1.24,1.20,1.24,0.04,6
2016/11/15,10000,11900,1.19,1.19,1.19,1.19,-0.05,1
2016/11/16,0,0,--,--,--,--,,0
2016/11/17,80000,88600,1.15,1.15,1.10,1.10,X,4
2016/11/18,10000,11200,1.12,1.12,1.12,1.12,0.02,1
2016/11/21,84000,90820,1.09,1.09,1.08,1.08,-0.04,2
2016/11/22,236000,249480,1.07,1.07,1.05,1.07,-0.01,4
2016/11/23,162000,170100,1.05,1.05,1.05,1.05,-0.02,2
2016/11/24,39000,43020,1.08,1.12,1.08,1.11,0.06,4
2016/11/25,29000,31990,1.11,1.11,1.09,1.09,-0.02,3
2016/11/28,42000,45600,1.08,1.10,1.07,1.10,0.01,4
2016/11/29,33000,36940,1.12,1.12,1.10,1.10,,5
2016/11/30,10000,10900,1.09,1.09,1.09,1.09,-0.01,1
2016/12/01,30000,33100,1.11,1.11,1.10,1.10,0.01,3
2016/12/02,173000,197820,1.17,1.17,1.14,1.14,0.04,5
2016/12/05,140000,158200,1.13,1.13,1.13,1.13,-0.01,1
2016/12/06,0,0,--,--,--,--,,0
2016/12/07,1000,1020,1.02,1.02,1.02,1.02,X,1
2016/12/08,0,0,--,--,--,--,,0
2016/12/09,107000,101110,0.94,0.97,0.94,0.96,X,3
2016/12/12,175000,170520,0.96,0.99,0.96,0.99,0.03,3
2016/12/13,81000,80190,0.99,0.99,0.99,0.99,,1
2016/12/14,166000,159340,0.95,0.97,0.95,0.97,-0.02,2
2016/12/15,166000,165880,1.00,1.00,0.98,0.98,0.01,2
2016/12/16,0,0,--,--,--,--,,0
2016/12/19,126000,119700,0.95,0.95,0.95,0.95,X,1
2016/12/20,126000,118440,0.94,0.94,0.94,0.94,-0.01,1
2016/12/21,0,0,--,--,--,--,,0
2016/12/22,94000,79900,0.85,0.85,0.85,0.85,X,1
2016/12/23,94000,76140,0.81,0.81,0.81,0.81,-0.04,1
2016/12/26,182000,160160,0.88,0.88,0.88,0.88,0.07,2
2016/12/27,182000,160160,0.88,0.88,0.88,0.88,,1
2016/12/28,0,0,--,--,--,--,,0
2016/12/29,211000,188410,0.91,0.91,0.89,0.91,X,6
2016/12/30,203000,186240,0.92,0.92,0.90,0.90,-0.01,3
2017/01/03,29000,25680,0.90,0.90,0.83,0.83,-0.07,2
2017/01/04,111000,92280,0.84,0.84,0.83,0.83,,2
2017/01/05,96000,82560,0.86,0.86,0.86,0.86,0.03,1
2017/01/06,40000,27200,0.68,0.68,0.68,0.68,-0.18,1
2017/01/09,191000,112690,0.59,0.59,0.59,0.59,-0.09,4
2017/01/10,114000,66200,0.58,0.59,0.58,0.59,,2
2017/01/11,208000,128170,0.61,0.62,0.60,0.62,0.03,4
2017/01/12,241000,142190,0.59,0.59,0.59,0.59,-0.03,2
2017/01/13,10000,5600,0.56,0.56,0.56,0.56,-0.03,1
2017/01/16,205000,115600,0.56,0.57,0.56,0.57,0.01,2
2017/01/17,125000,71250,0.57,0.57,0.57,0.57,0.00,1
2017/01/18,0,0,--,--,--,--,0.00,0
2017/01/19,0,0,--,--,--,--,0.00,0
2017/01/20,0,0,--,--,--,--,0.00,0
2017/01/23,0,0,--,--,--,--,0.00,0
2017/01/24,0,0,--,--,--,--,0.00,0
2017/02/02,0,0,--,--,--,--,0.00,0
2017/02/03,0,0,--,--,--,--,0.00,0
2017/02/06,0,0,--,--,--,--,0.00,0
2017/02/07,0,0,--,--,--,--,0.00,0
2017/02/08,119000,65290,0.53,0.59,0.53,0.59,0.00,3
2017/02/09,219000,136460,0.60,0.64,0.55,0.55,-0.04,4
2017/02/10,75000,42450,0.55,0.59,0.55,0.59,0.04,2
2017/02/13,1205000,843330,0.61,0.82,0.61,0.70,0.11,13
2017/02/14,1190000,856030,0.72,0.73,0.69,0.72,0.02,15
2017/02/15,66000,43560,0.66,0.66,0.66,0.66,-0.06,2
2017/02/16,256000,169520,0.65,0.67,0.65,0.67,0.01,3
2017/02/17,300000,206000,0.69,0.69,0.68,0.68,0.01,3
2017/02/20,339000,240490,0.69,0.71,0.69,0.71,0.06,3
2017/02/21,98000,64480,0.64,0.66,0.64,0.66,-0.05,2
2017/02/22,288000,159750,0.59,0.59,0.54,0.54,-0.12,3
2017/02/23,520000,290690,0.54,0.57,0.54,0.57,0.03,6
2017/02/24,739000,414640,0.54,0.58,0.54,0.58,0.01,10
2017/03/01,587000,337640,0.54,0.61,0.54,0.61,0.03,8
2017/03/02,256000,147090,0.57,0.58,0.56,0.58,-0.03,7
2017/03/03,227000,136350,0.60,0.63,0.60,0.63,0.05,5
2017/03/06,227000,131660,0.58,0.58,0.58,0.58,-0.05,7
2017/03/07,110000,60420,0.55,0.55,0.54,0.54,-0.04,3
2017/03/08,120000,62660,0.52,0.54,0.52,0.52,-0.02,4
2017/03/09,357000,176000,0.48,0.50,0.48,0.50,-0.02,7
2017/03/10,353000,190620,0.54,0.54,0.54,0.54,0.04,6
2017/03/13,17000,9350,0.55,0.55,0.55,0.55,0.01,2
2017/03/14,26000,13410,0.51,0.52,0.51,0.52,-0.03,2
2017/03/15,66000,32830,0.50,0.51,0.48,0.51,-0.01,4
2017/03/16,65000,30920,0.48,0.48,0.46,0.46,-0.05,2
2017/03/17,14000,6160,0.44,0.44,0.44,0.44,-0.02,1
2017/03/20,23000,10350,0.45,0.45,0.45,0.45,0.01,1
2017/03/21,262000,115850,0.45,0.46,0.44,0.46,0.01,5
2017/03/22,249000,122010,0.49,0.49,0.49,0.49,0.03,5
2017/03/23,10000,4100,0.41,0.41,0.41,0.41,-0.08,1
2017/03/24,0,0,--,--,--,--,0.00,0
2017/03/27,0,0,--,--,--,--,0.00,0
2017/03/28,10000,4600,0.46,0.46,0.46,0.46,0.00,1
2017/03/29,10000,3900,0.39,0.39,0.39,0.39,-0.07,2
2017/03/30,0,0,--,--,--,--,0.00,0
2017/03/31,0,0,--,--,--,--,0.00,0
2017/04/05,10000,3900,0.39,0.39,0.39,0.39,0.00,1
2017/04/06,10000,3700,0.37,0.37,0.37,0.37,-0.02,2
2017/04/07,0,0,--,--,--,--,0.00,0
2017/04/10,0,0,--,--,--,--,0.00,0
2017/04/11,0,0,--,--,--,--,0.00,0
2017/04/12,0,0,--,--,--,--,0.00,0
2017/04/13,0,0,--,--,--,--,0.00,0
2017/04/14,0,0,--,--,--,--,0.00,0
2017/04/17,0,0,--,--,--,--,0.00,0
2017/04/18,0,0,--,--,--,--,0.00,0
2017/04/19,0,0,--,--,--,--,0.00,0
2017/04/20,0,0,--,--,--,--,0.00,0
2017/04/21,0,0,--,--,--,--,0.00,0
2017/04/24,0,0,--,--,--,--,0.00,0
2017/04/25,0,0,--,--,--,--,0.00,0
